Airline,Date_of_Journey,Source,Destination,Route,Dep_Time,Arrival_Time,Duration,Total_Stops,Additional_Info,Price,price_range
Jet Airways,01/03/2019,Banglore,New Delhi,BLR ? BOM ? DEL,08:00,05:05 02 Mar,21h 5m,1 stop,No info,22270,>=15000
GoAir,6/03/2019,Delhi,Cochin,DEL ? BOM ? COK,14:10,19:20,5h 10m,1 stop,No info,19495,>=15000
Jet Airways,06/03/2019,Banglore,New Delhi,BLR ? BOM ? DEL,07:00,13:15,6h 15m,1 stop,No info,19225,>=15000
Air India,01/03/2019,Banglore,New Delhi,BLR ? BOM ? AMD ? DEL,08:50,23:55,15h 5m,2 stops,No info,17345,>=15000
Multiple carriers,6/03/2019,Delhi,Cochin,DEL ? BOM ? COK,02:15,13:20,11h 5m,1 stop,No info,17057,>=15000
Jet Airways,24/05/2019,Delhi,Cochin,DEL ? AMD ? BOM ? COK,23:05,19:00 25 May,19h 55m,2 stops,No info,15129,>=15000
Jet Airways,6/03/2019,Delhi,Cochin,DEL ? BOM ? COK,18:15,04:25 07 Mar,10h 10m,1 stop,No info,17024,>=15000
Multiple carriers,3/03/2019,Delhi,Cochin,DEL ? BOM ? COK,15:25,01:35 04 Mar,10h 10m,1 stop,No info,15147,>=15000
Jet Airways,9/05/2019,Delhi,Cochin,DEL ? BOM ? COK,07:05,19:00,11h 55m,1 stop,No info,15554,>=15000
Air India,1/03/2019,Delhi,Cochin,DEL ? BOM ? COK,23:00,19:15 02 Mar,20h 15m,1 stop,No info,27430,>=15000
Jet Airways,18/05/2019,Delhi,Cochin,DEL ? AMD ? BOM ? COK,19:10,19:00 19 May,23h 50m,2 stops,No info,15129,>=15000
Jet Airways,3/03/2019,Delhi,Cochin,DEL ? BOM ? COK,08:00,18:50,10h 50m,1 stop,No info,17024,>=15000
Jet Airways,3/06/2019,Delhi,Cochin,DEL ? ATQ ? BOM ? COK,20:00,04:25 04 Jun,8h 25m,2 stops,In-flight meal not included,15318,>=15000
Jet Airways,6/03/2019,Delhi,Cochin,DEL ? BOM ? COK,02:15,04:25 07 Mar,26h 10m,1 stop,No info,17024,>=15000
Jet Airways,18/05/2019,Delhi,Cochin,DEL ? AMD ? BOM ? COK,23:05,04:25 20 May,29h 20m,2 stops,No info,15129,>=15000
Jet Airways,3/03/2019,Delhi,Cochin,DEL ? IDR ? BOM ? COK,05:25,18:50 04 Mar,37h 25m,2 stops,No info,18799,>=15000
Jet Airways,6/03/2019,Delhi,Cochin,DEL ? BOM ? COK,18:15,19:45 07 Mar,25h 30m,1 stop,No info,17024,>=15000
Air India,1/03/2019,Chennai,Kolkata,MAA ? CCU,11:40,13:55,2h 15m,non-stop,No info,19630,>=15000
Multiple carriers,6/06/2019,Delhi,Cochin,DEL ? IXU ? BOM ? COK,17:50,01:30 07 Jun,7h 40m,2 stops,No info,18275,>=15000
Jet Airways,27/05/2019,Delhi,Cochin,DEL ? BOM ? COK,17:30,19:00 28 May,25h 30m,1 stop,No info,16079,>=15000
Multiple carriers,6/03/2019,Delhi,Cochin,DEL ? BOM ? COK,07:30,19:15,11h 45m,1 stop,No info,15353,>=15000
Jet Airways,3/06/2019,Delhi,Cochin,DEL ? JDH ? BOM ? COK,11:40,19:00,7h 20m,2 stops,No info,18804,>=15000
Jet Airways,27/05/2019,Delhi,Cochin,DEL ? BOM ? COK,11:30,19:00,7h 30m,1 stop,No info,16079,>=15000
Multiple carriers,24/06/2019,Delhi,Cochin,DEL ? IDR ? BOM ? COK,15:05,01:30 25 Jun,10h 25m,2 stops,No info,15965,>=15000
Jet Airways,27/05/2019,Delhi,Cochin,DEL ? BOM ? COK,10:00,19:00,9h,1 stop,No info,16079,>=15000
Multiple carriers,6/03/2019,Delhi,Cochin,DEL ? BOM ? COK,13:00,01:35 07 Mar,12h 35m,1 stop,No info,15603,>=15000
Jet Airways,9/05/2019,Delhi,Cochin,DEL ? JAI ? BOM ? COK,19:30,12:35 10 May,17h 5m,2 stops,No info,15129,>=15000
Jet Airways,27/05/2019,Delhi,Cochin,DEL ? BOM ? COK,18:15,19:00 28 May,24h 45m,1 stop,No info,16079,>=15000
Multiple carriers,1/03/2019,Delhi,Cochin,DEL ? BOM ? COK,12:50,19:15,6h 25m,1 stop,No info,36983,>=15000
Multiple carriers,6/03/2019,Delhi,Cochin,DEL ? BOM ? COK,10:20,18:50,8h 30m,1 stop,No info,15411,>=15000
Jet Airways,9/03/2019,Delhi,Cochin,DEL ? BOM ? COK,19:45,18:50 10 Mar,23h 5m,1 stop,No info,16289,>=15000
Jet Airways,27/06/2019,Delhi,Cochin,DEL ? AMD ? BOM ? COK,19:10,12:35 28 Jun,17h 25m,2 stops,No info,15339,>=15000
Jet Airways,01/03/2019,Banglore,New Delhi,BLR ? BOM ? DEL,08:55,15:15,6h 20m,1 stop,No info,26890,>=15000
Jet Airways,3/03/2019,Delhi,Cochin,DEL ? BOM ? COK,13:55,04:25 04 Mar,14h 30m,1 stop,No info,17024,>=15000
Jet Airways,01/03/2019,Banglore,New Delhi,BLR ? BOM ? DEL,07:00,12:25,5h 25m,1 stop,No info,26890,>=15000
Air India,3/03/2019,Delhi,Cochin,DEL ? GOI ? BOM ? COK,22:00,19:15 04 Mar,21h 15m,2 stops,No info,22096,>=15000
Jet Airways,06/03/2019,Banglore,New Delhi,BLR ? BOM ? DEL,21:25,11:25 07 Mar,14h,1 stop,No info,17261,>=15000
Air India,6/03/2019,Delhi,Cochin,DEL ? BOM ? COK,08:00,19:15,11h 15m,1 stop,No info,15284,>=15000
Vistara,24/03/2019,Kolkata,Banglore,CCU ? DEL ? BLR,09:55,18:45,8h 50m,1 stop,No info,16092,>=15000
Jet Airways,3/03/2019,Delhi,Cochin,DEL ? BOM ? COK,09:55,04:25 04 Mar,18h 30m,1 stop,No info,19828,>=15000
Multiple carriers,6/03/2019,Delhi,Cochin,DEL ? BOM ? COK,07:30,18:50,11h 20m,1 stop,No info,15411,>=15000
Air India,1/06/2019,Delhi,Cochin,DEL ? CCU ? BOM ? COK,06:50,07:40 02 Jun,24h 50m,2 stops,No info,15481,>=15000
Jet Airways,9/05/2019,Delhi,Cochin,DEL ? AMD ? BOM ? COK,23:05,04:25 11 May,29h 20m,2 stops,No info,16704,>=15000
Air India,6/03/2019,Mumbai,Hyderabad,BOM ? JDH ? DEL ? HYD,09:40,15:15 07 Mar,29h 35m,2 stops,No info,25139,>=15000
Jet Airways,9/05/2019,Delhi,Cochin,DEL ? BOM ? COK,21:50,19:00 10 May,21h 10m,1 stop,No info,15554,>=15000
Jet Airways,15/03/2019,Banglore,New Delhi,BLR ? BOM ? DEL,22:55,05:05 13 Mar,6h 10m,1 stop,No info,27210,>=15000
Jet Airways,06/03/2019,Banglore,New Delhi,BLR ? BOM ? DEL,05:45,13:15,7h 30m,1 stop,No info,19225,>=15000
Jet Airways Business,01/03/2019,Banglore,New Delhi,BLR ? BOM ? DEL,05:45,10:45,5h,1 stop,No info,52229,>=15000
Jet Airways,18/05/2019,Delhi,Cochin,DEL ? BOM ? COK,07:05,19:00,11h 55m,1 stop,No info,15554,>=15000
Jet Airways,27/05/2019,Delhi,Cochin,DEL ? ATQ ? BOM ? COK,20:00,04:25 28 May,8h 25m,2 stops,No info,16263,>=15000
Jet Airways,1/05/2019,Delhi,Cochin,DEL ? AMD ? BOM ? COK,23:05,04:25 03 May,29h 20m,2 stops,No info,16704,>=15000
Jet Airways,21/05/2019,Delhi,Cochin,DEL ? AMD ? BOM ? COK,19:10,19:00 22 May,23h 50m,2 stops,No info,15129,>=15000
Jet Airways,6/05/2019,Delhi,Cochin,DEL ? BOM ? COK,13:00,04:25 07 May,15h 25m,1 stop,No info,15554,>=15000
Multiple carriers,3/03/2019,Delhi,Cochin,DEL ? BOM ? COK,17:00,01:35 04 Mar,8h 35m,1 stop,No info,17073,>=15000
Air India,01/03/2019,Banglore,New Delhi,BLR ? BOM ? BHO ? DEL,08:50,23:25,14h 35m,2 stops,1 Short layover,26743,>=15000
Multiple carriers,6/03/2019,Delhi,Cochin,DEL ? BOM ? COK,11:40,19:15,7h 35m,1 stop,No info,15353,>=15000
Jet Airways,18/05/2019,Delhi,Cochin,DEL ? AMD ? BOM ? COK,13:25,19:00 19 May,29h 35m,2 stops,No info,16704,>=15000
Jet Airways,9/05/2019,Delhi,Cochin,DEL ? AMD ? BOM ? COK,23:05,04:25 11 May,29h 20m,2 stops,No info,15129,>=15000
Jet Airways,18/05/2019,Delhi,Cochin,DEL ? BOM ? COK,10:00,19:00,9h,1 stop,No info,15554,>=15000
Jet Airways,01/03/2019,Banglore,New Delhi,BLR ? BOM ? DEL,05:45,16:10,10h 25m,1 stop,No info,26890,>=15000
Jet Airways,18/05/2019,Delhi,Cochin,DEL ? BOM ? COK,22:50,19:00 19 May,20h 10m,1 stop,No info,15554,>=15000
Multiple carriers,15/06/2019,Delhi,Cochin,DEL ? BOM ? COK,13:00,19:15,6h 15m,1 stop,No info,16108,>=15000
Air India,24/05/2019,Kolkata,Banglore,CCU ? DEL ? AMD ? BLR,10:00,05:25 25 May,19h 25m,2 stops,No info,15422,>=15000
Multiple carriers,6/03/2019,Delhi,Cochin,DEL ? BOM ? COK,08:55,21:00,12h 5m,1 stop,No info,15147,>=15000
Multiple carriers,3/03/2019,Delhi,Cochin,DEL ? BOM ? COK,13:55,01:35 04 Mar,11h 40m,1 stop,No info,17057,>=15000
Air India,15/05/2019,Kolkata,Banglore,CCU ? BOM ? COK ? BLR,09:25,13:45 16 May,28h 20m,2 stops,No info,15532,>=15000
Jet Airways,15/05/2019,Kolkata,Banglore,CCU ? BOM ? BLR,21:10,10:05 16 May,12h 55m,1 stop,No info,15149,>=15000
Multiple carriers,6/03/2019,Delhi,Cochin,DEL ? BOM ? COK,07:30,21:00,13h 30m,1 stop,No info,15147,>=15000
Multiple carriers,3/03/2019,Delhi,Cochin,DEL ? BOM ? COK,19:00,01:35 04 Mar,6h 35m,1 stop,No info,16775,>=15000
Jet Airways,3/03/2019,Delhi,Cochin,DEL ? BOM ? COK,20:50,04:25 04 Mar,7h 35m,1 stop,No info,17234,>=15000
Jet Airways,6/03/2019,Delhi,Cochin,DEL ? DED ? BOM ? COK,16:50,04:25 08 Mar,35h 35m,2 stops,No info,19907,>=15000
Jet Airways,01/03/2019,Banglore,New Delhi,BLR ? BOM ? DEL,22:50,19:10 02 Mar,20h 20m,1 stop,No info,25735,>=15000
Jet Airways,9/05/2019,Delhi,Cochin,DEL ? ATQ ? BOM ? COK,20:00,04:25 10 May,8h 25m,2 stops,No info,16263,>=15000
Jet Airways,01/03/2019,Banglore,New Delhi,BLR ? BOM ? DEL,05:45,19:10,13h 25m,1 stop,No info,27992,>=15000
Jet Airways,01/03/2019,Banglore,New Delhi,BLR ? BOM ? DEL,11:40,00:45 02 Mar,13h 5m,1 stop,No info,26890,>=15000
Jet Airways,01/03/2019,Banglore,New Delhi,BLR ? BOM ? DEL,22:50,00:45 03 Mar,25h 55m,1 stop,No info,26890,>=15000
Jet Airways,06/03/2019,Banglore,New Delhi,BLR ? BOM ? DEL,16:55,10:25 07 Mar,17h 30m,1 stop,No info,17261,>=15000
Multiple carriers,15/06/2019,Delhi,Cochin,DEL ? IDR ? BOM ? COK,15:05,01:30 16 Jun,10h 25m,2 stops,No info,15965,>=15000
Multiple carriers,9/05/2019,Delhi,Cochin,DEL ? BOM ? COK,17:30,01:30 10 May,8h,1 stop,No info,15078,>=15000
Jet Airways,27/05/2019,Delhi,Cochin,DEL ? JAI ? BOM ? COK,09:40,12:35 28 May,26h 55m,2 stops,No info,15129,>=15000
Multiple carriers,6/03/2019,Delhi,Cochin,DEL ? BOM ? COK,09:55,21:00,11h 5m,1 stop,In-flight meal not included,15136,>=15000
Multiple carriers,15/06/2019,Delhi,Cochin,DEL ? IXU ? BOM ? COK,17:50,01:30 16 Jun,7h 40m,2 stops,No info,18485,>=15000
Jet Airways,06/03/2019,Banglore,New Delhi,BLR ? BOM ? DEL,11:40,07:40 07 Mar,20h,1 stop,No info,16736,>=15000
Jet Airways,3/03/2019,Delhi,Cochin,DEL ? IDR ? BOM ? COK,05:25,04:25 05 Mar,47h,2 stops,No info,20064,>=15000
Jet Airways,01/03/2019,Banglore,New Delhi,BLR ? BOM ? DEL,11:40,09:00 02 Mar,21h 20m,1 stop,No info,20800,>=15000
Multiple carriers,24/06/2019,Delhi,Cochin,DEL ? IXU ? BOM ? COK,17:50,01:30 25 Jun,7h 40m,2 stops,No info,18275,>=15000
Jet Airways,6/03/2019,Delhi,Cochin,DEL ? IDR ? BOM ? COK,05:25,19:45 07 Mar,38h 20m,2 stops,In-flight meal not included,16389,>=15000
Jet Airways,6/05/2019,Delhi,Cochin,DEL ? JDH ? BOM ? COK,11:40,19:00,7h 20m,2 stops,No info,21219,>=15000
Jet Airways,9/05/2019,Delhi,Cochin,DEL ? JAI ? BOM ? COK,09:40,12:35 10 May,26h 55m,2 stops,No info,15129,>=15000
Jet Airways,9/05/2019,Delhi,Cochin,DEL ? AMD ? BOM ? COK,23:05,19:00 10 May,19h 55m,2 stops,No info,15129,>=15000
Jet Airways,21/05/2019,Delhi,Cochin,DEL ? BOM ? COK,07:05,12:35,5h 30m,1 stop,No info,16289,>=15000
Jet Airways,9/05/2019,Delhi,Cochin,DEL ? BOM ? COK,20:55,04:25 10 May,7h 30m,1 stop,No info,15554,>=15000
Multiple carriers,9/03/2019,Delhi,Cochin,DEL ? IXU ? BOM ? COK,17:50,01:35 10 Mar,7h 45m,2 stops,No info,23583,>=15000
Jet Airways,27/06/2019,Delhi,Cochin,DEL ? BOM ? COK,21:50,04:25 28 Jun,6h 35m,1 stop,No info,16079,>=15000
Jet Airways,18/05/2019,Delhi,Cochin,DEL ? BOM ? COK,14:00,19:00,5h,1 stop,No info,15554,>=15000
Jet Airways,06/03/2019,Banglore,New Delhi,BLR ? BOM ? DEL,14:05,11:25 07 Mar,21h 20m,1 stop,No info,15025,>=15000
Jet Airways,01/03/2019,Banglore,New Delhi,BLR ? BOM ? DEL,08:55,16:10,7h 15m,1 stop,No info,26890,>=15000
Jet Airways,6/03/2019,Delhi,Cochin,DEL ? BOM ? COK,13:00,18:50,5h 50m,1 stop,In-flight meal not included,15103,>=15000
Multiple carriers,27/05/2019,Delhi,Cochin,DEL ? BOM ? COK,09:00,19:15,10h 15m,1 stop,No info,15898,>=15000
Jet Airways,9/06/2019,Delhi,Cochin,DEL ? JDH ? BOM ? COK,11:40,19:00,7h 20m,2 stops,No info,18804,>=15000
Multiple carriers,1/03/2019,Delhi,Cochin,DEL ? BOM ? COK,19:00,01:35 02 Mar,6h 35m,1 stop,No info,23533,>=15000
Multiple carriers,3/03/2019,Delhi,Cochin,DEL ? BOM ? COK,07:05,13:20,6h 15m,1 stop,No info,17057,>=15000
Jet Airways,21/05/2019,Delhi,Cochin,DEL ? BOM ? COK,02:15,19:00,16h 45m,1 stop,No info,16079,>=15000
Air India,01/03/2019,Banglore,New Delhi,BLR ? BOM ? IDR ? DEL,06:45,11:10 02 Mar,28h 25m,2 stops,No info,20999,>=15000
Jet Airways,21/05/2019,Delhi,Cochin,DEL ? JAI ? BOM ? COK,19:30,04:25 22 May,8h 55m,2 stops,No info,15129,>=15000
Jet Airways,21/05/2019,Delhi,Cochin,DEL ? AMD ? BOM ? COK,13:25,19:00 22 May,29h 35m,2 stops,No info,15129,>=15000
Jet Airways,9/05/2019,Delhi,Cochin,DEL ? JAI ? BOM ? COK,09:40,19:00,9h 20m,2 stops,No info,15129,>=15000
Jet Airways,06/03/2019,Banglore,New Delhi,BLR ? BOM ? DEL,08:00,18:25,10h 25m,1 stop,No info,16736,>=15000
Jet Airways,6/03/2019,Mumbai,Hyderabad,BOM ? DED ? DEL ? HYD,14:20,16:50 07 Mar,26h 30m,2 stops,No info,24115,>=15000
Jet Airways,06/03/2019,Banglore,New Delhi,BLR ? MAA ? DEL,09:45,14:25,4h 40m,1 stop,No info,16757,>=15000
Jet Airways,21/05/2019,Delhi,Cochin,DEL ? BOM ? COK,22:50,19:00 22 May,20h 10m,1 stop,No info,16079,>=15000
Jet Airways,9/03/2019,Delhi,Cochin,DEL ? BOM ? COK,17:25,18:50 10 Mar,25h 25m,1 stop,No info,16289,>=15000
Jet Airways,01/03/2019,Banglore,New Delhi,BLR ? BOM ? DEL,11:40,09:30 02 Mar,21h 50m,1 stop,No info,25735,>=15000
Multiple carriers,6/03/2019,Delhi,Cochin,DEL ? BOM ? COK,10:45,19:15,8h 30m,1 stop,No info,15077,>=15000
Jet Airways,27/05/2019,Delhi,Cochin,DEL ? BOM ? COK,19:15,19:00 28 May,23h 45m,1 stop,No info,16079,>=15000
Jet Airways,18/03/2019,Banglore,New Delhi,BLR ? BOM ? DEL,18:40,00:45 16 Mar,6h 5m,1 stop,No info,54826,>=15000
Jet Airways,6/06/2019,Delhi,Cochin,DEL ? JDH ? BOM ? COK,11:40,19:00,7h 20m,2 stops,No info,18804,>=15000
Jet Airways,21/05/2019,Delhi,Cochin,DEL ? BOM ? COK,19:45,04:25 22 May,8h 40m,1 stop,No info,16079,>=15000
Jet Airways,9/05/2019,Delhi,Cochin,DEL ? AMD ? BOM ? COK,19:10,19:00 10 May,23h 50m,2 stops,No info,15129,>=15000
Jet Airways,6/03/2019,Delhi,Cochin,DEL ? AMD ? BOM ? COK,19:10,04:25 08 Mar,33h 15m,2 stops,In-flight meal not included,16022,>=15000
Jet Airways,12/06/2019,Delhi,Cochin,DEL ? BOM ? COK,02:15,12:35,10h 20m,1 stop,No info,18371,>=15000
Jet Airways,9/05/2019,Delhi,Cochin,DEL ? AMD ? BOM ? COK,23:05,12:35 10 May,13h 30m,2 stops,No info,15129,>=15000
Air India,6/06/2019,Kolkata,Banglore,CCU ? VNS ? DEL ? BLR,14:30,12:30 07 Jun,22h,2 stops,No info,15894,>=15000
Jet Airways,6/03/2019,Delhi,Cochin,DEL ? BOM ? COK,11:30,04:25 07 Mar,16h 55m,1 stop,No info,15764,>=15000
Jet Airways,18/05/2019,Delhi,Cochin,DEL ? ATQ ? BOM ? COK,20:00,04:25 19 May,8h 25m,2 stops,In-flight meal not included,15318,>=15000
Multiple carriers,3/03/2019,Delhi,Cochin,DEL ? BOM ? COK,07:05,21:00,13h 55m,1 stop,No info,17057,>=15000
Jet Airways,21/05/2019,Delhi,Cochin,DEL ? BOM ? COK,22:50,04:25 22 May,5h 35m,1 stop,No info,16079,>=15000
Air India,01/03/2019,Banglore,New Delhi,BLR ? BOM ? NAG ? DEL,08:50,10:35 02 Mar,25h 45m,2 stops,No info,31783,>=15000
Jet Airways,18/05/2019,Delhi,Cochin,DEL ? AMD ? BOM ? COK,23:05,04:25 20 May,29h 20m,2 stops,No info,16704,>=15000
Jet Airways,18/05/2019,Delhi,Cochin,DEL ? AMD ? BOM ? COK,13:25,04:25 19 May,15h,2 stops,No info,16704,>=15000
Jet Airways,01/03/2019,Banglore,New Delhi,BLR ? BOM ? DEL,08:00,20:20,12h 20m,1 stop,No info,27992,>=15000
Multiple carriers,6/03/2019,Delhi,Cochin,DEL ? BOM ? COK,06:00,19:15,13h 15m,1 stop,No info,15353,>=15000
Jet Airways,6/03/2019,Delhi,Cochin,DEL ? AMD ? BOM ? COK,19:10,19:45 07 Mar,24h 35m,2 stops,No info,19329,>=15000
Jet Airways,12/06/2019,Delhi,Cochin,DEL ? BOM ? COK,07:05,12:35,5h 30m,1 stop,No info,16289,>=15000
Jet Airways,9/05/2019,Delhi,Cochin,DEL ? AMD ? BOM ? COK,23:05,12:35 10 May,13h 30m,2 stops,No info,15129,>=15000
Jet Airways,21/05/2019,Delhi,Cochin,DEL ? BOM ? COK,13:00,19:00,6h,1 stop,No info,16079,>=15000
Jet Airways,18/05/2019,Delhi,Cochin,DEL ? BOM ? COK,19:45,19:00 19 May,23h 15m,1 stop,No info,15554,>=15000
Jet Airways,6/03/2019,Delhi,Cochin,DEL ? BOM ? COK,19:15,04:25 07 Mar,9h 10m,1 stop,No info,17024,>=15000
Jet Airways,06/03/2019,Banglore,New Delhi,BLR ? BOM ? DEL,21:25,20:20 07 Mar,22h 55m,1 stop,No info,17471,>=15000
Jet Airways,9/03/2019,Delhi,Cochin,DEL ? BOM ? COK,20:50,04:25 10 Mar,7h 35m,1 stop,No info,15554,>=15000
Multiple carriers,9/03/2019,Delhi,Cochin,DEL ? BOM ? COK,08:00,19:15,11h 15m,1 stop,No info,19332,>=15000
Jet Airways,18/05/2019,Delhi,Cochin,DEL ? JAI ? BOM ? COK,19:30,04:25 19 May,8h 55m,2 stops,No info,15129,>=15000
Jet Airways,21/05/2019,Delhi,Cochin,DEL ? BHO ? BOM ? COK,05:30,12:35,7h 5m,2 stops,In-flight meal not included,15544,>=15000
Jet Airways,6/03/2019,Delhi,Cochin,DEL ? BOM ? COK,09:55,18:50,8h 55m,1 stop,No info,17024,>=15000
Jet Airways,01/03/2019,Banglore,New Delhi,BLR ? BOM ? DEL,11:40,18:25,6h 45m,1 stop,No info,26890,>=15000
Jet Airways,27/05/2019,Delhi,Cochin,DEL ? BOM ? COK,21:50,04:25 28 May,6h 35m,1 stop,No info,16079,>=15000
Jet Airways,9/03/2019,Delhi,Cochin,DEL ? BOM ? COK,18:15,18:50 10 Mar,24h 35m,1 stop,No info,16289,>=15000
Air India,6/03/2019,Mumbai,Hyderabad,BOM ? JDH ? DEL ? HYD,09:40,23:45,14h 5m,2 stops,No info,22619,>=15000
Jet Airways,6/03/2019,Delhi,Cochin,DEL ? AMD ? BOM ? COK,19:10,19:45 07 Mar,24h 35m,2 stops,No info,21954,>=15000
Jet Airways,27/06/2019,Delhi,Cochin,DEL ? BOM ? COK,02:15,12:35,10h 20m,1 stop,No info,18371,>=15000
Jet Airways,06/03/2019,Banglore,New Delhi,BLR ? BOM ? DEL,05:45,23:00,17h 15m,1 stop,No info,16736,>=15000
Jet Airways,24/05/2019,Delhi,Cochin,DEL ? AMD ? BOM ? COK,23:05,04:25 26 May,29h 20m,2 stops,No info,16704,>=15000
Multiple carriers,9/05/2019,Delhi,Cochin,DEL ? BOM ? COK,11:30,01:30 10 May,14h,1 stop,No info,15078,>=15000
Jet Airways,27/06/2019,Delhi,Cochin,DEL ? BOM ? COK,07:05,19:00,11h 55m,1 stop,No info,18371,>=15000
Multiple carriers,12/06/2019,Delhi,Cochin,DEL ? IXU ? BOM ? COK,17:50,01:30 13 Jun,7h 40m,2 stops,No info,18275,>=15000
Jet Airways,27/05/2019,Delhi,Cochin,DEL ? AMD ? BOM ? COK,13:25,12:35 28 May,23h 10m,2 stops,No info,15129,>=15000
Jet Airways,01/03/2019,Banglore,New Delhi,BLR ? BOM ? DEL,16:55,08:15 02 Mar,15h 20m,1 stop,No info,26890,>=15000
Jet Airways,6/03/2019,Delhi,Cochin,DEL ? BOM ? COK,09:00,18:50,9h 50m,1 stop,No info,17024,>=15000
Jet Airways,06/03/2019,Banglore,New Delhi,BLR ? BOM ? DEL,22:50,21:20 07 Mar,22h 30m,1 stop,No info,17471,>=15000
Jet Airways,9/03/2019,Delhi,Cochin,DEL ? IXC ? BOM ? COK,13:45,04:25 10 Mar,14h 40m,2 stops,In-flight meal not included,15129,>=15000
Jet Airways,1/03/2019,Mumbai,Hyderabad,BOM ? HYD,07:10,08:35,1h 25m,non-stop,No info,17501,>=15000
Multiple carriers,27/06/2019,Delhi,Cochin,DEL ? IXU ? BOM ? COK,17:50,01:30 28 Jun,7h 40m,2 stops,No info,18275,>=15000
Jet Airways,9/05/2019,Delhi,Cochin,DEL ? AMD ? BOM ? COK,23:05,04:25 11 May,29h 20m,2 stops,No info,15129,>=15000
Multiple carriers,6/03/2019,Delhi,Cochin,DEL ? BOM ? COK,07:30,15:30,8h,1 stop,No info,15147,>=15000
Jet Airways,06/03/2019,Banglore,New Delhi,BLR ? BOM ? DEL,11:40,18:25,6h 45m,1 stop,No info,19225,>=15000
Multiple carriers,3/03/2019,Delhi,Cochin,DEL ? BOM ? COK,07:30,18:50,11h 20m,1 stop,No info,15135,>=15000
Multiple carriers,6/03/2019,Delhi,Cochin,DEL ? BOM ? COK,11:30,21:00,9h 30m,1 stop,In-flight meal not included,15136,>=15000
Jet Airways,06/03/2019,Banglore,New Delhi,BLR ? BOM ? DEL,22:50,10:25 07 Mar,11h 35m,1 stop,No info,17261,>=15000
Jet Airways,6/03/2019,Delhi,Cochin,DEL ? BOM ? COK,08:00,04:25 07 Mar,20h 25m,1 stop,No info,15974,>=15000
Jet Airways,27/05/2019,Delhi,Cochin,DEL ? JAI ? BOM ? COK,09:40,04:25 28 May,18h 45m,2 stops,No info,15129,>=15000
Air India,01/03/2019,Banglore,New Delhi,BLR ? BOM ? BHO ? DEL,08:50,09:25 02 Mar,24h 35m,2 stops,No info,25430,>=15000
Jet Airways,18/05/2019,Delhi,Cochin,DEL ? BOM ? COK,21:50,04:25 19 May,6h 35m,1 stop,No info,15554,>=15000
Jet Airways,18/05/2019,Delhi,Cochin,DEL ? BOM ? COK,08:00,19:00,11h,1 stop,No info,15554,>=15000
Jet Airways,01/03/2019,Banglore,New Delhi,BLR ? BOM ? DEL,14:05,19:10,5h 5m,1 stop,No info,36235,>=15000
Jet Airways,15/03/2019,Banglore,New Delhi,BLR ? BOM ? DEL,21:25,05:05 13 Mar,7h 40m,1 stop,No info,27210,>=15000
Jet Airways,21/05/2019,Delhi,Cochin,DEL ? AMD ? BOM ? COK,23:05,19:00 22 May,19h 55m,2 stops,No info,15129,>=15000
Jet Airways,01/03/2019,Banglore,New Delhi,BLR ? BOM ? DEL,08:00,08:15 02 Mar,24h 15m,1 stop,No info,22270,>=15000
Air India,27/05/2019,Delhi,Cochin,DEL ? CCU ? BOM ? COK,06:50,07:40 28 May,24h 50m,2 stops,No info,16163,>=15000
Jet Airways,06/03/2019,Banglore,New Delhi,BLR ? BOM ? DEL,08:00,08:15 07 Mar,24h 15m,1 stop,No info,17996,>=15000
Multiple carriers,6/03/2019,Delhi,Cochin,DEL ? BOM ? COK,06:00,15:30,9h 30m,1 stop,No info,15147,>=15000
Jet Airways,18/05/2019,Delhi,Cochin,DEL ? BOM ? COK,20:55,19:00 19 May,22h 5m,1 stop,No info,15554,>=15000
Multiple carriers,3/03/2019,Delhi,Cochin,DEL ? BOM ? COK,13:00,21:00,8h,1 stop,No info,18286,>=15000
Jet Airways,6/03/2019,Delhi,Cochin,DEL ? BOM ? COK,23:05,19:45 07 Mar,20h 40m,1 stop,No info,17024,>=15000
Air India,6/05/2019,Kolkata,Banglore,CCU ? DEL ? AMD ? BLR,10:00,05:25 07 May,19h 25m,2 stops,No info,17049,>=15000
Jet Airways,06/03/2019,Banglore,New Delhi,BLR ? BOM ? DEL,07:00,19:10,12h 10m,1 stop,No info,16736,>=15000
Multiple carriers,3/03/2019,Delhi,Cochin,DEL ? BOM ? COK,10:20,01:35 04 Mar,15h 15m,1 stop,No info,15147,>=15000
Jet Airways,21/05/2019,Delhi,Cochin,DEL ? BOM ? COK,20:55,19:00 22 May,22h 5m,1 stop,No info,16079,>=15000
Multiple carriers,6/03/2019,Delhi,Cochin,DEL ? BOM ? COK,07:05,21:00,13h 55m,1 stop,No info,17267,>=15000
Air India,15/05/2019,Kolkata,Banglore,CCU ? DEL ? COK ? BLR,10:00,13:45 16 May,27h 45m,2 stops,No info,16057,>=15000
Jet Airways,27/05/2019,Delhi,Cochin,DEL ? JAI ? BOM ? COK,05:30,04:25 28 May,22h 55m,2 stops,No info,15129,>=15000
Jet Airways,9/05/2019,Delhi,Cochin,DEL ? BOM ? COK,09:00,19:00,10h,1 stop,No info,15554,>=15000
Jet Airways,24/06/2019,Delhi,Cochin,DEL ? JDH ? BOM ? COK,11:40,19:00,7h 20m,2 stops,In-flight meal not included,15812,>=15000
Jet Airways,21/05/2019,Delhi,Cochin,DEL ? BOM ? COK,21:50,04:25 22 May,6h 35m,1 stop,No info,16079,>=15000
Jet Airways,3/03/2019,Delhi,Cochin,DEL ? BOM ? COK,02:15,04:25 04 Mar,26h 10m,1 stop,No info,17024,>=15000
Jet Airways,01/03/2019,Banglore,New Delhi,BLR ? BOM ? DEL,14:05,07:40 02 Mar,17h 35m,1 stop,1 Long layover,22270,>=15000
Jet Airways,06/03/2019,Banglore,New Delhi,BLR ? BOM ? DEL,20:35,07:40 07 Mar,11h 5m,1 stop,No info,16736,>=15000
Jet Airways,6/03/2019,Delhi,Cochin,DEL ? IDR ? BOM ? COK,05:25,04:25 07 Mar,23h,2 stops,No info,16914,>=15000
Jet Airways,27/05/2019,Delhi,Cochin,DEL ? BOM ? COK,16:00,19:00 28 May,27h,1 stop,No info,16079,>=15000
Jet Airways,06/03/2019,Banglore,New Delhi,BLR ? BOM ? DEL,21:25,21:20 07 Mar,23h 55m,1 stop,No info,17471,>=15000
Multiple carriers,15/06/2019,Delhi,Cochin,DEL ? BOM ? COK,10:00,19:15,9h 15m,1 stop,No info,16108,>=15000
Jet Airways,01/03/2019,Banglore,New Delhi,BLR ? BOM ? DEL,16:55,07:40 02 Mar,14h 45m,1 stop,1 Long layover,26890,>=15000
Multiple carriers,3/03/2019,Delhi,Cochin,DEL ? BOM ? COK,08:00,18:50,10h 50m,1 stop,No info,15342,>=15000
Jet Airways,9/04/2019,Delhi,Cochin,DEL ? BOM ? COK,07:05,19:00,11h 55m,1 stop,No info,17531,>=15000
Multiple carriers,9/06/2019,Delhi,Cochin,DEL ? IXU ? BOM ? COK,17:50,01:30 10 Jun,7h 40m,2 stops,No info,18485,>=15000
Multiple carriers,6/03/2019,Delhi,Cochin,DEL ? BOM ? COK,19:00,01:35 07 Mar,6h 35m,1 stop,No info,15147,>=15000
Jet Airways,9/05/2019,Delhi,Cochin,DEL ? AMD ? BOM ? COK,23:05,04:25 11 May,29h 20m,2 stops,No info,16704,>=15000
Jet Airways,01/03/2019,Banglore,New Delhi,BLR ? BOM ? DEL,16:55,10:25 02 Mar,17h 30m,1 stop,1 Long layover,25735,>=15000
Air India,3/03/2019,Delhi,Cochin,DEL ? BHO ? BOM ? COK,05:55,07:40 04 Mar,25h 45m,2 stops,No info,15113,>=15000
Air India,01/03/2019,Banglore,New Delhi,BLR ? DEL,06:10,08:55,2h 45m,non-stop,No info,15676,>=15000
Jet Airways,6/03/2019,Mumbai,Hyderabad,BOM ? DEL ? HYD,14:00,16:50 07 Mar,26h 50m,1 stop,No info,19595,>=15000
Jet Airways,01/03/2019,Banglore,New Delhi,BLR ? BOM ? DEL,11:40,07:40 02 Mar,20h,1 stop,No info,22270,>=15000
Air India,24/03/2019,Kolkata,Banglore,CCU ? BBI ? BOM ? BLR,09:10,21:50,12h 40m,2 stops,No info,15187,>=15000
Jet Airways,18/05/2019,Delhi,Cochin,DEL ? JAI ? BOM ? COK,09:40,12:35 19 May,26h 55m,2 stops,No info,15129,>=15000
Jet Airways,21/05/2019,Delhi,Cochin,DEL ? AMD ? BOM ? COK,23:05,12:35 22 May,13h 30m,2 stops,No info,15129,>=15000
Jet Airways,27/05/2019,Delhi,Cochin,DEL ? BOM ? COK,21:50,19:00 28 May,21h 10m,1 stop,No info,16079,>=15000
Jet Airways,18/03/2019,Banglore,New Delhi,BLR ? BOM ? DEL,22:50,05:05 16 Mar,6h 15m,1 stop,No info,54826,>=15000
Air India,12/03/2019,Mumbai,Hyderabad,BOM ? JDH ? JAI ? DEL ? HYD,09:40,15:15 13 Mar,29h 35m,3 stops,No info,18293,>=15000
Air India,03/03/2019,Banglore,New Delhi,BLR ? DEL,17:00,19:45,2h 45m,non-stop,No info,19508,>=15000
Multiple carriers,3/03/2019,Delhi,Cochin,DEL ? BOM ? COK,08:00,15:30,7h 30m,1 stop,No info,15078,>=15000
Multiple carriers,6/03/2019,Delhi,Cochin,DEL ? GWL ? IDR ? BOM ? COK,11:35,21:00,9h 25m,3 stops,No info,21829,>=15000
Jet Airways,01/03/2019,Banglore,New Delhi,BLR ? BOM ? DEL,07:00,16:10,9h 10m,1 stop,No info,26890,>=15000
Jet Airways,27/05/2019,Delhi,Cochin,DEL ? AMD ? BOM ? COK,23:05,04:25 29 May,29h 20m,2 stops,No info,16704,>=15000
Jet Airways,3/03/2019,Delhi,Cochin,DEL ? BOM ? COK,19:15,04:25 04 Mar,9h 10m,1 stop,No info,17234,>=15000
Jet Airways,6/03/2019,Delhi,Cochin,DEL ? JAI ? BOM ? COK,05:30,19:45 07 Mar,38h 15m,2 stops,In-flight meal not included,15864,>=15000
Jet Airways,21/05/2019,Delhi,Cochin,DEL ? AMD ? BOM ? COK,19:10,19:00 22 May,23h 50m,2 stops,No info,15129,>=15000
Jet Airways,06/03/2019,Banglore,New Delhi,BLR ? BOM ? DEL,08:00,20:20,12h 20m,1 stop,No info,16736,>=15000
Air India,9/03/2019,Delhi,Cochin,DEL ? CCU ? BOM ? COK,16:55,19:15 10 Mar,26h 20m,2 stops,No info,22096,>=15000
Jet Airways,01/03/2019,Banglore,New Delhi,BLR ? BOM ? DEL,18:40,00:45 02 Mar,6h 5m,1 stop,No info,35185,>=15000
Air India,9/03/2019,Delhi,Cochin,DEL ? RPR ? NAG ? BOM ? COK,05:15,19:15 10 Mar,38h,3 stops,No info,15586,>=15000
Multiple carriers,18/05/2019,Delhi,Cochin,DEL ? IDR ? BOM ? COK,15:05,01:30 19 May,10h 25m,2 stops,No info,16840,>=15000
Jet Airways,06/03/2019,Banglore,New Delhi,BLR ? BOM ? DEL,08:00,13:15,5h 15m,1 stop,No info,19225,>=15000
Jet Airways,9/03/2019,Delhi,Cochin,DEL ? BOM ? COK,21:50,04:25 10 Mar,6h 35m,1 stop,No info,15029,>=15000
Multiple carriers,9/03/2019,Delhi,Cochin,DEL ? BOM ? COK,08:40,19:45,11h 5m,1 stop,No info,18492,>=15000
Jet Airways,12/03/2019,Mumbai,Hyderabad,BOM ? DEL ? HYD,09:50,16:35,6h 45m,1 stop,No info,20120,>=15000
Jet Airways,06/03/2019,Banglore,New Delhi,BLR ? BOM ? DEL,05:45,18:25,12h 40m,1 stop,No info,16736,>=15000
Jet Airways,27/05/2019,Delhi,Cochin,DEL ? AMD ? BOM ? COK,13:25,04:25 28 May,15h,2 stops,No info,16704,>=15000
Jet Airways,06/03/2019,Banglore,New Delhi,BLR ? BOM ? DEL,21:25,09:30 07 Mar,12h 5m,1 stop,No info,17261,>=15000
Air India,06/03/2019,Banglore,New Delhi,BLR ? MAA ? DEL,11:50,23:55,12h 5m,1 stop,No info,15434,>=15000
Air India,9/03/2019,Delhi,Cochin,DEL ? GOI ? BOM ? COK,22:00,19:15 10 Mar,21h 15m,2 stops,No info,16373,>=15000
Jet Airways,18/05/2019,Delhi,Cochin,DEL ? AMD ? BOM ? COK,23:05,04:25 20 May,29h 20m,2 stops,No info,16704,>=15000
Jet Airways,21/05/2019,Delhi,Cochin,DEL ? BOM ? COK,16:00,19:00 22 May,27h,1 stop,No info,16079,>=15000
Air India,9/03/2019,Delhi,Cochin,DEL ? BOM ? COK,08:40,19:15,10h 35m,1 stop,No info,18959,>=15000
Jet Airways Business,01/03/2019,Banglore,New Delhi,BLR ? BOM ? DEL,05:45,11:25,5h 40m,1 stop,Business class,79512,>=15000
Jet Airways,06/03/2019,Banglore,New Delhi,BLR ? BOM ? DEL,11:40,10:25 07 Mar,22h 45m,1 stop,No info,17261,>=15000
Jet Airways,9/05/2019,Delhi,Cochin,DEL ? JAI ? BOM ? COK,09:40,12:35 10 May,26h 55m,2 stops,No info,15129,>=15000
Multiple carriers,6/03/2019,Delhi,Cochin,DEL ? BOM ? COK,11:30,19:15,7h 45m,1 stop,In-flight meal not included,15342,>=15000
Jet Airways,06/03/2019,Banglore,New Delhi,BLR ? BOM ? DEL,21:25,10:25 07 Mar,13h,1 stop,No info,17261,>=15000
Jet Airways,06/03/2019,Banglore,New Delhi,BLR ? BOM ? DEL,16:55,09:30 07 Mar,16h 35m,1 stop,No info,17261,>=15000
Jet Airways,06/03/2019,Banglore,New Delhi,BLR ? BOM ? DEL,08:00,19:10,11h 10m,1 stop,No info,16736,>=15000
Jet Airways,06/03/2019,Banglore,New Delhi,BLR ? BOM ? DEL,16:55,05:05 07 Mar,12h 10m,1 stop,No info,16736,>=15000
Multiple carriers,12/06/2019,Delhi,Cochin,DEL ? IDR ? BOM ? COK,15:05,01:30 13 Jun,10h 25m,2 stops,No info,15965,>=15000
Jet Airways,9/05/2019,Delhi,Cochin,DEL ? JAI ? BOM ? COK,09:40,04:25 10 May,18h 45m,2 stops,No info,15129,>=15000
Jet Airways,01/03/2019,Banglore,New Delhi,BLR ? BDQ ? DEL,05:50,12:20,6h 30m,1 stop,Business class,28097,>=15000
Jet Airways,06/03/2019,Banglore,New Delhi,BLR ? BOM ? DEL,20:35,19:10 07 Mar,22h 35m,1 stop,No info,17471,>=15000
Jet Airways,15/06/2019,Delhi,Cochin,DEL ? JDH ? BOM ? COK,11:40,19:00,7h 20m,2 stops,In-flight meal not included,15812,>=15000
Jet Airways,27/05/2019,Delhi,Cochin,DEL ? AMD ? BOM ? COK,19:10,12:35 28 May,17h 25m,2 stops,No info,15129,>=15000
Jet Airways,01/03/2019,Banglore,New Delhi,BLR ? BOM ? DEL,11:40,21:20,9h 40m,1 stop,1 Long layover,27992,>=15000
Jet Airways,18/05/2019,Delhi,Cochin,DEL ? AMD ? BOM ? COK,13:25,12:35 19 May,23h 10m,2 stops,No info,15129,>=15000
Multiple carriers,15/05/2019,Delhi,Cochin,DEL ? GWL ? IDR ? BOM ? COK,11:35,21:00,9h 25m,3 stops,No info,16294,>=15000
Multiple carriers,9/03/2019,Delhi,Cochin,DEL ? BOM ? COK,04:00,12:55,8h 55m,1 stop,No info,16259,>=15000
Jet Airways,06/03/2019,Banglore,New Delhi,BLR ? BOM ? DEL,11:40,08:15 07 Mar,20h 35m,1 stop,No info,16736,>=15000
Jet Airways,18/05/2019,Delhi,Cochin,DEL ? AMD ? BOM ? COK,23:05,12:35 19 May,13h 30m,2 stops,No info,15129,>=15000
Jet Airways,27/05/2019,Delhi,Cochin,DEL ? BOM ? COK,13:00,19:00,6h,1 stop,No info,16079,>=15000
Air India,6/06/2019,Kolkata,Banglore,CCU ? VNS ? DEL ? BLR,14:30,08:55 07 Jun,18h 25m,2 stops,No info,15894,>=15000
Multiple carriers,6/03/2019,Delhi,Cochin,DEL ? BOM ? COK,07:00,15:30,8h 30m,1 stop,No info,15603,>=15000
Multiple carriers,6/03/2019,Delhi,Cochin,DEL ? BOM ? COK,13:55,01:35 07 Mar,11h 40m,1 stop,In-flight meal not included,15136,>=15000
Jet Airways,06/03/2019,Banglore,New Delhi,BLR ? BOM ? DEL,05:45,11:25,5h 40m,1 stop,No info,19225,>=15000
Jet Airways,01/03/2019,Banglore,New Delhi,BLR ? BOM ? DEL,05:45,15:15,9h 30m,1 stop,No info,26890,>=15000
Jet Airways,3/03/2019,Delhi,Cochin,DEL ? BOM ? COK,08:00,04:25 04 Mar,20h 25m,1 stop,No info,17024,>=15000
Jet Airways,6/03/2019,Delhi,Cochin,DEL ? BOM ? COK,11:30,18:50,7h 20m,1 stop,In-flight meal not included,15400,>=15000
Jet Airways,6/03/2019,Mumbai,Hyderabad,BOM ? BDQ ? DEL ? HYD,13:05,16:50 07 Mar,27h 45m,2 stops,No info,21375,>=15000
Multiple carriers,3/03/2019,Delhi,Cochin,DEL ? GWL ? IDR ? BOM ? COK,11:35,21:00,9h 25m,3 stops,No info,21829,>=15000
Multiple carriers,6/03/2019,Delhi,Cochin,DEL ? BOM ? COK,07:30,18:50,11h 20m,1 stop,No info,15135,>=15000
Air India,6/03/2019,Mumbai,Hyderabad,BOM ? CCU ? HYD,06:10,21:15,15h 5m,1 stop,No info,16666,>=15000
Jet Airways,24/05/2019,Delhi,Cochin,DEL ? JDH ? BOM ? COK,11:40,19:00,7h 20m,2 stops,No info,21219,>=15000
Multiple carriers,9/05/2019,Delhi,Cochin,DEL ? BOM ? COK,18:15,01:30 10 May,7h 15m,1 stop,No info,15078,>=15000
Jet Airways,21/05/2019,Delhi,Cochin,DEL ? BOM ? COK,08:00,19:00,11h,1 stop,No info,16289,>=15000
Jet Airways,01/03/2019,Banglore,New Delhi,BLR ? BOM ? DEL,22:50,20:20 02 Mar,21h 30m,1 stop,No info,25735,>=15000
Jet Airways,06/03/2019,Banglore,New Delhi,BLR ? BOM ? DEL,07:00,18:25,11h 25m,1 stop,No info,16736,>=15000
Jet Airways,6/03/2019,Delhi,Cochin,DEL ? BOM ? COK,02:15,18:50,16h 35m,1 stop,No info,17024,>=15000
Multiple carriers,6/03/2019,Delhi,Cochin,DEL ? BOM ? COK,17:45,01:35 07 Mar,7h 50m,1 stop,No info,15147,>=15000
Jet Airways,1/05/2019,Delhi,Cochin,DEL ? AMD ? BOM ? COK,23:05,19:00 02 May,19h 55m,2 stops,No info,15129,>=15000
Jet Airways,06/03/2019,Banglore,New Delhi,BLR ? BOM ? DEL,11:40,05:05 07 Mar,17h 25m,1 stop,No info,16736,>=15000
Jet Airways,9/05/2019,Delhi,Cochin,DEL ? BOM ? COK,22:50,04:25 10 May,5h 35m,1 stop,No info,15554,>=15000
Jet Airways,6/05/2019,Delhi,Cochin,DEL ? JAI ? BOM ? COK,09:40,12:35 07 May,26h 55m,2 stops,No info,15129,>=15000
Air India,01/03/2019,Banglore,New Delhi,BLR ? MAA ? DEL,11:50,23:55,12h 5m,1 stop,Change airports,26092,>=15000
Air India,01/03/2019,Banglore,New Delhi,BLR ? BOM ? IDR ? DEL,08:50,11:10 02 Mar,26h 20m,2 stops,No info,19372,>=15000
Multiple carriers,15/05/2019,Delhi,Cochin,DEL ? GWL ? IDR ? BOM ? COK,11:35,01:30 16 May,13h 55m,3 stops,No info,16294,>=15000
Multiple carriers,9/03/2019,Delhi,Cochin,DEL ? BOM ? COK,00:20,12:55,12h 35m,1 stop,In-flight meal not included,18260,>=15000
Air India,6/05/2019,Kolkata,Banglore,CCU ? BOM ? AMD ? BLR,09:25,05:25 07 May,20h,2 stops,No info,17732,>=15000
Multiple carriers,6/03/2019,Delhi,Cochin,DEL ? BOM ? COK,07:05,15:30,8h 25m,1 stop,No info,17267,>=15000
Multiple carriers,3/03/2019,Delhi,Cochin,DEL ? BOM ? COK,10:20,21:00,10h 40m,1 stop,No info,15147,>=15000
Air India,3/03/2019,Delhi,Cochin,DEL ? MAA ? COK,17:20,09:25 04 Mar,16h 5m,1 stop,No info,16352,>=15000
Jet Airways,18/05/2019,Delhi,Cochin,DEL ? AMD ? BOM ? COK,13:25,12:35 19 May,23h 10m,2 stops,No info,15129,>=15000
Multiple carriers,3/03/2019,Delhi,Cochin,DEL ? BOM ? COK,17:30,01:35 04 Mar,8h 5m,1 stop,No info,17057,>=15000
Jet Airways,9/05/2019,Delhi,Cochin,DEL ? BOM ? COK,19:45,19:00 10 May,23h 15m,1 stop,No info,15554,>=15000
Jet Airways,01/03/2019,Banglore,New Delhi,BLR ? BOM ? DEL,22:50,09:30 02 Mar,10h 40m,1 stop,1 Long layover,31825,>=15000
Jet Airways,1/06/2019,Delhi,Cochin,DEL ? BOM ? COK,07:05,12:35,5h 30m,1 stop,No info,16079,>=15000
Jet Airways,9/05/2019,Delhi,Cochin,DEL ? BOM ? COK,02:15,19:00,16h 45m,1 stop,No info,15554,>=15000
Jet Airways,21/05/2019,Delhi,Cochin,DEL ? AMD ? BOM ? COK,23:05,19:00 22 May,19h 55m,2 stops,No info,15129,>=15000
Jet Airways,27/06/2019,Delhi,Cochin,DEL ? BOM ? COK,22:50,04:25 28 Jun,5h 35m,1 stop,No info,16079,>=15000
Jet Airways,06/03/2019,Banglore,New Delhi,BLR ? BOM ? DEL,08:55,09:30 07 Mar,24h 35m,1 stop,No info,17261,>=15000
Multiple carriers,6/03/2019,Delhi,Cochin,DEL ? BOM ? COK,07:00,21:00,14h,1 stop,No info,15603,>=15000
Jet Airways,6/06/2019,Delhi,Cochin,DEL ? ATQ ? BOM ? COK,20:00,04:25 07 Jun,8h 25m,2 stops,In-flight meal not included,15318,>=15000
Air India,01/03/2019,Banglore,New Delhi,BLR ? MAA ? DEL,11:50,13:00 02 Mar,25h 10m,1 stop,1 Long layover,15434,>=15000
Jet Airways,6/03/2019,Delhi,Cochin,DEL ? IDR ? BOM ? COK,05:25,19:45 07 Mar,38h 20m,2 stops,No info,16914,>=15000
Air India,12/03/2019,Mumbai,Hyderabad,BOM ? GOI ? PNQ ? HYD,21:10,16:55,4h 15m,2 stops,No info,16172,>=15000
Jet Airways,21/05/2019,Delhi,Cochin,DEL ? BHO ? BOM ? COK,05:30,12:35,7h 5m,2 stops,No info,16274,>=15000
Air India,9/03/2019,Delhi,Cochin,DEL ? BOM ? COK,07:00,19:15,12h 15m,1 stop,No info,15704,>=15000
Jet Airways,27/05/2019,Delhi,Cochin,DEL ? AMD ? BOM ? COK,19:10,19:00 28 May,23h 50m,2 stops,No info,15129,>=15000
Jet Airways,9/03/2019,Delhi,Cochin,DEL ? ATQ ? BOM ? COK,20:10,04:25 10 Mar,8h 15m,2 stops,No info,20904,>=15000
Multiple carriers,3/03/2019,Delhi,Cochin,DEL ? BOM ? COK,13:55,21:00,7h 5m,1 stop,No info,17057,>=15000
Multiple carriers,9/05/2019,Delhi,Cochin,DEL ? BOM ? COK,10:00,01:30 10 May,15h 30m,1 stop,No info,15078,>=15000
Multiple carriers,1/06/2019,Delhi,Cochin,DEL ? BOM ? COK,13:00,19:15,6h 15m,1 stop,No info,16108,>=15000
Multiple carriers,6/03/2019,Delhi,Cochin,DEL ? BOM ? COK,13:55,21:00,7h 5m,1 stop,In-flight meal not included,15136,>=15000
Jet Airways,21/05/2019,Delhi,Cochin,DEL ? BOM ? COK,18:15,19:00 22 May,24h 45m,1 stop,No info,16079,>=15000
Multiple carriers,6/03/2019,Delhi,Cochin,DEL ? BOM ? COK,10:00,18:50,8h 50m,1 stop,No info,16497,>=15000
Jet Airways,21/05/2019,Delhi,Cochin,DEL ? BOM ? COK,19:15,04:25 22 May,9h 10m,1 stop,No info,16079,>=15000
Jet Airways,3/03/2019,Delhi,Cochin,DEL ? UDR ? BOM ? COK,18:20,18:50 04 Mar,24h 30m,2 stops,No info,20747,>=15000
Jet Airways,3/03/2019,Delhi,Cochin,DEL ? BOM ? COK,02:15,18:50,16h 35m,1 stop,No info,17024,>=15000
Air India,21/05/2019,Kolkata,Banglore,CCU ? VNS ? DEL ? BLR,14:30,12:30 22 May,22h,2 stops,No info,15107,>=15000
Multiple carriers,9/05/2019,Delhi,Cochin,DEL ? BOM ? COK,13:00,01:30 10 May,12h 30m,1 stop,No info,15078,>=15000
Air India,15/05/2019,Kolkata,Banglore,CCU ? DEL ? COK ? BLR,20:30,13:45 16 May,17h 15m,2 stops,No info,16057,>=15000
Multiple carriers,3/03/2019,Delhi,Cochin,DEL ? BOM ? COK,18:00,01:35 04 Mar,7h 35m,1 stop,No info,17703,>=15000
Jet Airways,3/03/2019,Delhi,Cochin,DEL ? BOM ? COK,11:30,04:25 04 Mar,16h 55m,1 stop,No info,19828,>=15000
Air India,01/03/2019,Banglore,New Delhi,BLR ? DEL,17:00,19:45,2h 45m,non-stop,No info,25913,>=15000
Jet Airways,21/05/2019,Delhi,Cochin,DEL ? BOM ? COK,09:00,19:00,10h,1 stop,No info,16079,>=15000
Jet Airways,18/05/2019,Delhi,Cochin,DEL ? AMD ? BOM ? COK,13:25,04:25 19 May,15h,2 stops,No info,16704,>=15000
Jet Airways,21/05/2019,Delhi,Cochin,DEL ? BOM ? COK,20:55,04:25 22 May,7h 30m,1 stop,No info,16079,>=15000
Multiple carriers,3/03/2019,Delhi,Cochin,DEL ? BOM ? COK,16:00,01:35 04 Mar,9h 35m,1 stop,No info,21226,>=15000
Jet Airways,27/05/2019,Delhi,Cochin,DEL ? BOM ? COK,08:00,19:00,11h,1 stop,No info,16289,>=15000
Jet Airways,27/06/2019,Delhi,Cochin,DEL ? AMD ? BOM ? COK,23:05,04:25 29 Jun,29h 20m,2 stops,No info,15339,>=15000
Jet Airways,18/05/2019,Delhi,Cochin,DEL ? BHO ? BOM ? COK,05:30,12:35,7h 5m,2 stops,No info,16274,>=15000
Air India,24/03/2019,Kolkata,Banglore,CCU ? BBI ? BOM ? BLR,09:10,11:10 25 Mar,26h,2 stops,No info,15187,>=15000
Jet Airways,06/03/2019,Banglore,New Delhi,BLR ? BOM ? DEL,05:45,16:10,10h 25m,1 stop,No info,16736,>=15000
Jet Airways,6/03/2019,Delhi,Cochin,DEL ? AMD ? BOM ? COK,19:10,04:25 08 Mar,33h 15m,2 stops,No info,20694,>=15000
Air India,01/03/2019,Banglore,New Delhi,BLR ? COK ? DEL,22:00,13:20 02 Mar,15h 20m,1 stop,No info,21130,>=15000
Jet Airways,6/03/2019,Delhi,Cochin,DEL ? BOM ? COK,13:00,18:50,5h 50m,1 stop,No info,17024,>=15000
Air India,6/03/2019,Delhi,Cochin,DEL ? BOM ? COK,07:00,19:15,12h 15m,1 stop,No info,15809,>=15000
Jet Airways,1/06/2019,Delhi,Cochin,DEL ? JDH ? BOM ? COK,11:40,19:00,7h 20m,2 stops,No info,18804,>=15000
Multiple carriers,9/03/2019,Delhi,Cochin,DEL ? BOM ? COK,08:40,21:00,12h 20m,1 stop,No info,18228,>=15000
Jet Airways,9/03/2019,Delhi,Cochin,DEL ? IXC ? BOM ? COK,13:45,04:25 10 Mar,14h 40m,2 stops,No info,17019,>=15000
Air India,15/05/2019,Kolkata,Banglore,CCU ? BOM ? COK ? BLR,16:50,13:45 16 May,20h 55m,2 stops,No info,15532,>=15000
Jet Airways,6/06/2019,Delhi,Cochin,DEL ? JDH ? BOM ? COK,11:40,19:00,7h 20m,2 stops,In-flight meal not included,15812,>=15000
Air India,6/03/2019,Delhi,Cochin,DEL ? BHO ? BOM ? COK,05:55,07:40 07 Mar,25h 45m,2 stops,No info,15428,>=15000
Jet Airways,06/03/2019,Banglore,New Delhi,BLR ? BOM ? DEL,22:50,05:05 07 Mar,6h 15m,1 stop,No info,19225,>=15000
Jet Airways,9/03/2019,Delhi,Cochin,DEL ? BOM ? COK,08:00,19:45,11h 45m,1 stop,No info,17549,>=15000
IndiGo,1/03/2019,Mumbai,Hyderabad,BOM ? HYD,06:20,07:45,1h 25m,non-stop,No info,17501,>=15000
Multiple carriers,3/03/2019,Delhi,Cochin,DEL ? BOM ? COK,11:30,18:50,7h 20m,1 stop,No info,15135,>=15000
Multiple carriers,3/03/2019,Delhi,Cochin,DEL ? BOM ? COK,10:00,01:35 04 Mar,15h 35m,1 stop,No info,16863,>=15000
Jet Airways,6/03/2019,Delhi,Cochin,DEL ? AMD ? BOM ? COK,19:10,04:25 08 Mar,33h 15m,2 stops,No info,16809,>=15000
Jet Airways,9/05/2019,Delhi,Cochin,DEL ? AMD ? BOM ? COK,13:25,12:35 10 May,23h 10m,2 stops,No info,16704,>=15000
Jet Airways,06/03/2019,Banglore,New Delhi,BLR ? BOM ? DEL,16:55,09:00 07 Mar,16h 5m,1 stop,No info,17261,>=15000
Multiple carriers,6/03/2019,Delhi,Cochin,DEL ? BOM ? COK,12:50,01:35 07 Mar,12h 45m,1 stop,No info,15147,>=15000
Jet Airways,9/05/2019,Delhi,Cochin,DEL ? ATQ ? BOM ? COK,20:00,04:25 10 May,8h 25m,2 stops,In-flight meal not included,15318,>=15000
Jet Airways,18/05/2019,Delhi,Cochin,DEL ? BOM ? COK,19:15,19:00 19 May,23h 45m,1 stop,No info,15554,>=15000
Jet Airways,27/06/2019,Delhi,Cochin,DEL ? AMD ? BOM ? COK,13:25,12:35 28 Jun,23h 10m,2 stops,No info,15339,>=15000
Multiple carriers,3/03/2019,Delhi,Cochin,DEL ? BOM ? COK,19:00,01:35 04 Mar,6h 35m,1 stop,No info,15288,>=15000
Jet Airways,24/05/2019,Delhi,Cochin,DEL ? AMD ? BOM ? COK,23:05,04:25 26 May,29h 20m,2 stops,No info,15129,>=15000
Jet Airways,18/05/2019,Delhi,Cochin,DEL ? BHO ? BOM ? COK,05:30,12:35,7h 5m,2 stops,In-flight meal not included,15544,>=15000
Multiple carriers,1/06/2019,Delhi,Cochin,DEL ? IDR ? BOM ? COK,15:05,01:30 02 Jun,10h 25m,2 stops,No info,18275,>=15000
Jet Airways,01/03/2019,Banglore,New Delhi,BLR ? BOM ? DEL,16:55,09:00 02 Mar,16h 5m,1 stop,1 Long layover,25735,>=15000
Vistara,24/03/2019,Kolkata,Banglore,CCU ? DEL ? BLR,07:10,18:45,11h 35m,1 stop,No info,16932,>=15000
Jet Airways,12/06/2019,Delhi,Cochin,DEL ? JDH ? BOM ? COK,11:40,19:00,7h 20m,2 stops,In-flight meal not included,15812,>=15000
Jet Airways,6/03/2019,Mumbai,Hyderabad,BOM ? DEL ? HYD,17:00,16:50 07 Mar,23h 50m,1 stop,No info,19595,>=15000
Jet Airways,18/03/2019,Banglore,New Delhi,BLR ? BOM ? DEL,14:05,21:20,7h 15m,1 stop,No info,16946,>=15000
Jet Airways,6/03/2019,Delhi,Cochin,DEL ? BOM ? COK,09:00,04:25 07 Mar,19h 25m,1 stop,No info,15764,>=15000
Air India,1/05/2019,Kolkata,Banglore,CCU ? DEL ? COK ? BLR,10:00,13:45 02 May,27h 45m,2 stops,No info,15164,>=15000
Jet Airways,27/05/2019,Delhi,Cochin,DEL ? BOM ? COK,02:15,19:00,16h 45m,1 stop,No info,16079,>=15000
Air India,6/03/2019,Delhi,Cochin,DEL ? CCU ? BOM ? COK,06:50,07:40 07 Mar,24h 50m,2 stops,No info,20416,>=15000
Jet Airways,27/06/2019,Delhi,Cochin,DEL ? ATQ ? BOM ? COK,20:00,04:25 28 Jun,8h 25m,2 stops,No info,16263,>=15000
Jet Airways,6/03/2019,Mumbai,Hyderabad,BOM ? UDR ? DEL ? HYD,17:15,16:50 07 Mar,23h 35m,2 stops,No info,22950,>=15000
Jet Airways,21/05/2019,Delhi,Cochin,DEL ? JAI ? BOM ? COK,05:30,04:25 22 May,22h 55m,2 stops,No info,15129,>=15000
Jet Airways,6/03/2019,Delhi,Cochin,DEL ? BOM ? COK,07:05,04:25 07 Mar,21h 20m,1 stop,No info,17234,>=15000
Jet Airways,9/05/2019,Delhi,Cochin,DEL ? BHO ? BOM ? COK,05:30,12:35,7h 5m,2 stops,No info,16274,>=15000
Multiple carriers,6/03/2019,Delhi,Cochin,DEL ? BOM ? COK,11:30,18:50,7h 20m,1 stop,No info,15135,>=15000
Jet Airways,3/03/2019,Delhi,Cochin,DEL ? BOM ? COK,09:00,18:50,9h 50m,1 stop,No info,17024,>=15000
Multiple carriers,6/03/2019,Delhi,Cochin,DEL ? BOM ? COK,08:25,18:50,10h 25m,1 stop,No info,15135,>=15000
Jet Airways,06/03/2019,Banglore,New Delhi,BLR ? BOM ? DEL,22:50,20:20 07 Mar,21h 30m,1 stop,No info,17471,>=15000
Jet Airways,6/03/2019,Delhi,Cochin,DEL ? BOM ? COK,07:05,18:50,11h 45m,1 stop,No info,17234,>=15000
Multiple carriers,12/06/2019,Delhi,Cochin,DEL ? GWL ? IDR ? BOM ? COK,11:35,21:00,9h 25m,3 stops,No info,15629,>=15000
Jet Airways,9/03/2019,Delhi,Cochin,DEL ? BOM ? COK,16:00,04:25 10 Mar,12h 25m,1 stop,No info,16289,>=15000
Jet Airways,9/05/2019,Delhi,Cochin,DEL ? JAI ? BOM ? COK,05:30,19:00,13h 30m,2 stops,No info,15129,>=15000
Jet Airways,01/03/2019,Banglore,New Delhi,BLR ? BOM ? DEL,08:00,16:10,8h 10m,1 stop,No info,22270,>=15000
Multiple carriers,3/03/2019,Delhi,Cochin,DEL ? BOM ? COK,08:55,21:00,12h 5m,1 stop,No info,15147,>=15000
Jet Airways,06/03/2019,Banglore,New Delhi,BLR ? BOM ? DEL,21:25,19:10 07 Mar,21h 45m,1 stop,No info,17471,>=15000
Jet Airways,27/05/2019,Delhi,Cochin,DEL ? BOM ? COK,07:05,12:35,5h 30m,1 stop,No info,16289,>=15000
Jet Airways,01/03/2019,Banglore,New Delhi,BLR ? BOM ? DEL,05:45,20:20,14h 35m,1 stop,No info,27992,>=15000
Jet Airways,9/03/2019,Delhi,Cochin,DEL ? BOM ? COK,00:20,04:25 10 Mar,28h 5m,1 stop,No info,15029,>=15000
Air India,9/03/2019,Delhi,Cochin,DEL ? BHO ? BOM ? COK,20:00,19:15 10 Mar,23h 15m,2 stops,No info,16111,>=15000
Jet Airways,9/05/2019,Delhi,Cochin,DEL ? AMD ? BOM ? COK,23:05,19:00 10 May,19h 55m,2 stops,No info,15129,>=15000
Jet Airways,9/05/2019,Delhi,Cochin,DEL ? BOM ? COK,11:30,19:00,7h 30m,1 stop,No info,15554,>=15000
Jet Airways,12/06/2019,Delhi,Cochin,DEL ? BOM ? COK,07:05,19:00,11h 55m,1 stop,In-flight meal not included,15190,>=15000
Multiple carriers,9/05/2019,Delhi,Cochin,DEL ? BOM ? COK,15:00,01:30 10 May,10h 30m,1 stop,No info,15078,>=15000
Jet Airways,21/05/2019,Delhi,Cochin,DEL ? JAI ? BOM ? COK,05:30,04:25 22 May,22h 55m,2 stops,No info,15129,>=15000
Jet Airways,3/03/2019,Delhi,Cochin,DEL ? BHO ? BOM ? COK,05:40,04:25 04 Mar,22h 45m,2 stops,No info,19266,>=15000
Jet Airways,21/05/2019,Delhi,Cochin,DEL ? JAI ? BOM ? COK,09:40,04:25 22 May,18h 45m,2 stops,No info,15129,>=15000
Multiple carriers,3/03/2019,Delhi,Cochin,DEL ? BOM ? COK,08:00,21:00,13h,1 stop,No info,17057,>=15000
Jet Airways,3/03/2019,Delhi,Cochin,DEL ? BOM ? COK,09:55,18:50,8h 55m,1 stop,No info,18550,>=15000
Jet Airways,9/03/2019,Delhi,Cochin,DEL ? BOM ? COK,06:50,04:25 10 Mar,21h 35m,1 stop,No info,16289,>=15000
Jet Airways,18/03/2019,Banglore,New Delhi,BLR ? BOM ? JDH ? DEL,08:55,15:55,7h,2 stops,No info,16338,>=15000
Jet Airways,01/03/2019,Banglore,New Delhi,BLR ? BOM ? DEL,22:50,10:25 02 Mar,11h 35m,1 stop,1 Long layover,31825,>=15000
Air India,15/05/2019,Kolkata,Banglore,CCU ? DEL ? COK ? BLR,10:00,13:45 16 May,27h 45m,2 stops,No info,16057,>=15000
Jet Airways,9/03/2019,Delhi,Cochin,DEL ? BOM ? COK,19:15,18:50 10 Mar,23h 35m,1 stop,No info,16289,>=15000
Air India,1/05/2019,Kolkata,Banglore,CCU ? BOM ? COK ? BLR,09:25,13:45 02 May,28h 20m,2 stops,No info,16372,>=15000
Air India,1/05/2019,Kolkata,Banglore,CCU ? DEL ? COK ? BLR,10:00,13:45 02 May,27h 45m,2 stops,No info,15164,>=15000
Jet Airways,18/05/2019,Delhi,Cochin,DEL ? BOM ? COK,20:55,04:25 19 May,7h 30m,1 stop,No info,15554,>=15000
Jet Airways,6/03/2019,Delhi,Cochin,DEL ? UDR ? BOM ? COK,17:55,04:25 08 Mar,34h 30m,2 stops,In-flight meal not included,15812,>=15000
Jet Airways,01/03/2019,Banglore,New Delhi,BLR ? BOM ? DEL,14:05,11:25 02 Mar,21h 20m,1 stop,No info,20800,>=15000
Jet Airways,6/03/2019,Delhi,Cochin,DEL ? BOM ? COK,15:05,04:25 07 Mar,13h 20m,1 stop,No info,15764,>=15000
Jet Airways,15/06/2019,Delhi,Cochin,DEL ? BOM ? COK,02:15,12:35,10h 20m,1 stop,No info,18371,>=15000
SpiceJet,01/03/2019,Banglore,New Delhi,BLR ? PNQ ? DEL,10:20,18:15,7h 55m,1 stop,No info,23267,>=15000
Jet Airways,06/03/2019,Banglore,New Delhi,BLR ? BOM ? DEL,11:40,23:00,11h 20m,1 stop,No info,16736,>=15000
Vistara,01/03/2019,Banglore,New Delhi,BLR ? DEL,21:10,00:05 02 Mar,2h 55m,non-stop,No info,21730,>=15000
Multiple carriers,1/06/2019,Delhi,Cochin,DEL ? BOM ? COK,11:30,19:15,7h 45m,1 stop,No info,16108,>=15000
Jet Airways,06/03/2019,Banglore,New Delhi,BLR ? BOM ? DEL,20:35,09:30 07 Mar,12h 55m,1 stop,No info,17261,>=15000
Jet Airways,9/03/2019,Delhi,Cochin,DEL ? BOM ? COK,08:00,04:25 10 Mar,20h 25m,1 stop,No info,17549,>=15000
Multiple carriers,3/03/2019,Delhi,Cochin,DEL ? BOM ? COK,12:50,01:35 04 Mar,12h 45m,1 stop,No info,18192,>=15000
Multiple carriers,6/03/2019,Delhi,Cochin,DEL ? BOM ? COK,15:15,01:35 07 Mar,10h 20m,1 stop,No info,15147,>=15000
Multiple carriers,21/05/2019,Delhi,Cochin,DEL ? BOM ? COK,08:00,19:15,11h 15m,1 stop,No info,15058,>=15000
Jet Airways,6/03/2019,Delhi,Cochin,DEL ? BOM ? COK,16:00,19:45 07 Mar,27h 45m,1 stop,No info,17024,>=15000
Air India,21/05/2019,Kolkata,Banglore,CCU ? VNS ? DEL ? BLR,14:30,23:15,8h 45m,2 stops,No info,15107,>=15000
Jet Airways,01/03/2019,Banglore,New Delhi,BLR ? BOM ? DEL,08:00,15:15,7h 15m,1 stop,No info,22270,>=15000
Jet Airways,06/03/2019,Banglore,New Delhi,BLR ? DEL,19:55,22:35,2h 40m,non-stop,No info,18308,>=15000
Air India,6/03/2019,Mumbai,Hyderabad,BOM ? GOI ? PNQ ? HYD,21:10,16:55,4h 15m,2 stops,No info,17327,>=15000
Jet Airways,9/05/2019,Delhi,Cochin,DEL ? BOM ? COK,18:15,19:00 10 May,24h 45m,1 stop,No info,15554,>=15000
Jet Airways,9/03/2019,Delhi,Cochin,DEL ? BOM ? COK,16:00,18:50 10 Mar,26h 50m,1 stop,No info,16289,>=15000
Jet Airways,6/05/2019,Kolkata,Banglore,CCU ? BOM ? BLR,14:05,23:35,9h 30m,1 stop,No info,15149,>=15000
Multiple carriers,3/03/2019,Delhi,Cochin,DEL ? BOM ? COK,07:00,13:20,6h 20m,1 stop,No info,15603,>=15000
Jet Airways,24/06/2019,Delhi,Cochin,DEL ? BOM ? COK,09:00,19:00,10h,1 stop,No info,18371,>=15000
Multiple carriers,6/03/2019,Delhi,Cochin,DEL ? BOM ? COK,11:30,19:15,7h 45m,1 stop,No info,15077,>=15000
Multiple carriers,3/03/2019,Delhi,Cochin,DEL ? BOM ? COK,06:40,18:50,12h 10m,1 stop,No info,15135,>=15000
Jet Airways,21/05/2019,Delhi,Cochin,DEL ? AMD ? BOM ? COK,23:05,12:35 22 May,13h 30m,2 stops,No info,15129,>=15000
Jet Airways Business,01/03/2019,Banglore,New Delhi,BLR ? BOM ? DEL,05:45,12:25,6h 40m,1 stop,Business class,62427,>=15000
Jet Airways,6/05/2019,Delhi,Cochin,DEL ? BOM ? COK,22:50,12:35 07 May,13h 45m,1 stop,No info,15554,>=15000
GoAir,01/03/2019,Banglore,New Delhi,BLR ? DEL,20:55,23:50,2h 55m,non-stop,No info,18558,>=15000
IndiGo,1/03/2019,Mumbai,Hyderabad,BOM ? HYD,02:30,04:00,1h 30m,non-stop,No info,16000,>=15000
Multiple carriers,9/03/2019,Delhi,Cochin,DEL ? BOM ? COK,02:15,12:55,10h 40m,1 stop,In-flight meal not included,18260,>=15000
Jet Airways,9/05/2019,Delhi,Cochin,DEL ? BOM ? COK,07:05,12:35,5h 30m,1 stop,No info,15554,>=15000
Jet Airways,9/05/2019,Delhi,Cochin,DEL ? JAI ? BOM ? COK,05:30,04:25 10 May,22h 55m,2 stops,No info,15129,>=15000
Jet Airways,01/03/2019,Banglore,New Delhi,BLR ? BOM ? DEL,16:55,23:00,6h 5m,1 stop,No info,54826,>=15000
Jet Airways,06/03/2019,Banglore,New Delhi,BLR ? BOM ? DEL,07:00,21:20,14h 20m,1 stop,No info,16736,>=15000
Multiple carriers,3/06/2019,Delhi,Cochin,DEL ? BOM ? COK,07:05,19:15,12h 10m,1 stop,No info,15058,>=15000
Multiple carriers,6/03/2019,Delhi,Cochin,DEL ? BOM ? COK,09:55,19:15,9h 20m,1 stop,In-flight meal not included,15342,>=15000
Jet Airways,9/03/2019,Delhi,Cochin,DEL ? BOM ? COK,06:50,19:45,12h 55m,1 stop,No info,16289,>=15000
Jet Airways,06/03/2019,Banglore,New Delhi,BLR ? BOM ? DEL,20:35,08:15 07 Mar,11h 40m,1 stop,No info,16736,>=15000
Jet Airways,6/03/2019,Delhi,Cochin,DEL ? BOM ? COK,19:45,19:45 07 Mar,24h,1 stop,No info,17024,>=15000
Jet Airways,01/03/2019,Banglore,New Delhi,BLR ? BOM ? DEL,08:00,13:15,5h 15m,1 stop,No info,22270,>=15000
Jet Airways,18/05/2019,Delhi,Cochin,DEL ? BOM ? COK,09:00,19:00,10h,1 stop,No info,15554,>=15000
Multiple carriers,3/03/2019,Delhi,Cochin,DEL ? BOM ? COK,07:00,15:30,8h 30m,1 stop,No info,15603,>=15000
Jet Airways,6/03/2019,Delhi,Cochin,DEL ? BOM ? COK,09:00,18:50,9h 50m,1 stop,In-flight meal not included,15400,>=15000
Multiple carriers,6/06/2019,Delhi,Cochin,DEL ? IDR ? BOM ? COK,15:05,01:30 07 Jun,10h 25m,2 stops,No info,15965,>=15000
Jet Airways,27/05/2019,Delhi,Cochin,DEL ? AMD ? BOM ? COK,13:25,19:00 28 May,29h 35m,2 stops,No info,15129,>=15000
Jet Airways,24/06/2019,Delhi,Cochin,DEL ? BOM ? COK,08:00,19:00,11h,1 stop,1 Long layover,18581,>=15000
Jet Airways,9/03/2019,Delhi,Cochin,DEL ? BOM ? COK,02:15,19:45,17h 30m,1 stop,No info,15764,>=15000
Multiple carriers,1/06/2019,Delhi,Cochin,DEL ? BOM ? COK,10:00,19:15,9h 15m,1 stop,No info,16108,>=15000
Multiple carriers,6/03/2019,Delhi,Cochin,DEL ? BOM ? COK,09:10,19:15,10h 5m,1 stop,No info,15077,>=15000
Jet Airways,01/03/2019,Banglore,New Delhi,BLR ? BOM ? DEL,20:35,11:25 02 Mar,14h 50m,1 stop,No info,31825,>=15000
Jet Airways,9/05/2019,Delhi,Cochin,DEL ? AMD ? BOM ? COK,13:25,12:35 10 May,23h 10m,2 stops,No info,15129,>=15000
Air India,01/03/2019,Banglore,New Delhi,BLR ? BOM ? BHO ? DEL,08:50,23:25 02 Mar,38h 35m,2 stops,No info,25430,>=15000
Jet Airways,01/03/2019,Banglore,New Delhi,BLR ? BOM ? DEL,08:55,00:45 02 Mar,15h 50m,1 stop,No info,26890,>=15000
Jet Airways,1/06/2019,Delhi,Cochin,DEL ? ATQ ? BOM ? COK,20:00,04:25 02 Jun,8h 25m,2 stops,In-flight meal not included,15318,>=15000
Jet Airways,01/03/2019,Banglore,New Delhi,BLR ? BOM ? DEL,14:05,21:20,7h 15m,1 stop,No info,36235,>=15000
Multiple carriers,3/03/2019,Delhi,Cochin,DEL ? BOM ? COK,18:15,01:35 04 Mar,7h 20m,1 stop,No info,18916,>=15000
Jet Airways,12/03/2019,Mumbai,Hyderabad,BOM ? JDH ? DEL ? HYD,08:15,16:35,8h 20m,2 stops,No info,23843,>=15000
Jet Airways,01/03/2019,Banglore,New Delhi,BLR ? BOM ? DEL,08:00,18:25,10h 25m,1 stop,No info,26890,>=15000
Multiple carriers,3/06/2019,Delhi,Cochin,DEL ? IXU ? BOM ? COK,17:50,01:30 04 Jun,7h 40m,2 stops,No info,18275,>=15000
Jet Airways,21/05/2019,Delhi,Cochin,DEL ? BOM ? COK,14:00,19:00,5h,1 stop,No info,16079,>=15000
Jet Airways,06/03/2019,Banglore,New Delhi,BLR ? BOM ? DEL,08:55,15:15,6h 20m,1 stop,No info,19225,>=15000
Jet Airways,18/05/2019,Delhi,Cochin,DEL ? BOM ? COK,22:50,04:25 19 May,5h 35m,1 stop,No info,15554,>=15000
Air India,1/05/2019,Kolkata,Banglore,CCU ? DEL ? COK ? BLR,17:30,13:45 02 May,20h 15m,2 stops,No info,15164,>=15000
Multiple carriers,12/06/2019,Delhi,Cochin,DEL ? GWL ? IDR ? BOM ? COK,11:35,01:30 13 Jun,13h 55m,3 stops,No info,15419,>=15000
Air India,9/03/2019,Delhi,Cochin,DEL ? BOM ? COK,08:00,19:15,11h 15m,1 stop,No info,16754,>=15000
Jet Airways,27/05/2019,Delhi,Cochin,DEL ? BOM ? COK,22:50,19:00 28 May,20h 10m,1 stop,No info,16079,>=15000
IndiGo,01/03/2019,Banglore,New Delhi,BLR ? BOM ? DEL,19:35,00:35 02 Mar,5h,1 stop,No info,22153,>=15000
Jet Airways,01/03/2019,Banglore,New Delhi,BLR ? BOM ? DEL,11:40,10:25 02 Mar,22h 45m,1 stop,No info,25735,>=15000
Jet Airways,06/03/2019,Banglore,New Delhi,BLR ? BOM ? DEL,22:50,23:00 07 Mar,24h 10m,1 stop,No info,17471,>=15000
Jet Airways,3/03/2019,Delhi,Cochin,DEL ? BOM ? COK,18:15,18:50 04 Mar,24h 35m,1 stop,No info,17234,>=15000
Vistara,01/03/2019,Banglore,New Delhi,BLR ? AMD ? DEL,06:40,21:55,15h 15m,1 stop,No info,18387,>=15000
Jet Airways,06/03/2019,Banglore,New Delhi,BLR ? BOM ? DEL,14:05,21:20,7h 15m,1 stop,No info,19225,>=15000
Multiple carriers,6/03/2019,Delhi,Cochin,DEL ? BOM ? COK,08:00,15:30,7h 30m,1 stop,No info,15078,>=15000
Jet Airways,21/05/2019,Delhi,Cochin,DEL ? BOM ? COK,10:00,19:00,9h,1 stop,No info,16079,>=15000
Jet Airways,9/05/2019,Delhi,Cochin,DEL ? AMD ? BOM ? COK,13:25,04:25 10 May,15h,2 stops,No info,16704,>=15000
Air India,12/03/2019,Mumbai,Hyderabad,BOM ? GOI ? PNQ ? HYD,05:05,16:55,11h 50m,2 stops,No info,16172,>=15000
Jet Airways,15/03/2019,Banglore,New Delhi,BLR ? BOM ? DEL,07:00,12:15,5h 15m,1 stop,No info,17524,>=15000
Jet Airways,6/03/2019,Delhi,Cochin,DEL ? AMD ? BOM ? COK,19:10,19:45 07 Mar,24h 35m,2 stops,No info,19329,>=15000
Jet Airways,9/05/2019,Delhi,Cochin,DEL ? AMD ? BOM ? COK,13:25,19:00 10 May,29h 35m,2 stops,No info,15129,>=15000
Multiple carriers,6/03/2019,Delhi,Cochin,DEL ? BOM ? COK,07:00,18:50,11h 50m,1 stop,No info,15867,>=15000
Air India,3/03/2019,Delhi,Cochin,DEL ? JDH ? BOM ? COK,12:55,19:15 04 Mar,30h 20m,2 stops,No info,21571,>=15000
Air India,1/03/2019,Delhi,Cochin,DEL ? BOM ? COK,04:00,07:40 02 Mar,27h 40m,1 stop,No info,28322,>=15000
Air India,24/03/2019,Kolkata,Banglore,CCU ? GAU ? IMF ? DEL ? BLR,05:55,23:15,17h 20m,3 stops,No info,15145,>=15000
Jet Airways,27/05/2019,Delhi,Cochin,DEL ? JDH ? BOM ? COK,11:40,19:00,7h 20m,2 stops,In-flight meal not included,19644,>=15000
Multiple carriers,1/06/2019,Delhi,Cochin,DEL ? IXU ? BOM ? COK,17:50,01:30 02 Jun,7h 40m,2 stops,No info,18485,>=15000
Multiple carriers,21/05/2019,Delhi,Cochin,DEL ? IDR ? BOM ? COK,15:05,01:30 22 May,10h 25m,2 stops,No info,16655,>=15000
Jet Airways,9/03/2019,Delhi,Cochin,DEL ? BOM ? COK,20:50,18:50 10 Mar,22h,1 stop,No info,16289,>=15000
Multiple carriers,3/03/2019,Delhi,Cochin,DEL ? BOM ? COK,02:15,15:30,13h 15m,1 stop,No info,17057,>=15000
Jet Airways,18/05/2019,Delhi,Cochin,DEL ? JAI ? BOM ? COK,05:30,19:00,13h 30m,2 stops,No info,15129,>=15000
Jet Airways,9/03/2019,Delhi,Cochin,DEL ? DED ? BOM ? COK,15:55,04:25 10 Mar,12h 30m,2 stops,No info,19172,>=15000
Multiple carriers,6/03/2019,Delhi,Cochin,DEL ? BOM ? COK,09:10,18:50,9h 40m,1 stop,No info,15135,>=15000
Jet Airways,06/03/2019,Banglore,New Delhi,BLR ? BOM ? DEL,14:05,20:20,6h 15m,1 stop,No info,19225,>=15000
Jet Airways,9/03/2019,Delhi,Cochin,DEL ? BDQ ? BOM ? COK,10:45,04:25 10 Mar,17h 40m,2 stops,No info,17282,>=15000
Air India,3/03/2019,Delhi,Cochin,DEL ? BHO ? BOM ? COK,05:55,07:40 04 Mar,25h 45m,2 stops,No info,15113,>=15000
Jet Airways,06/03/2019,Banglore,New Delhi,BLR ? BOM ? DEL,08:55,23:00,14h 5m,1 stop,No info,16736,>=15000
Jet Airways,06/03/2019,Banglore,New Delhi,BLR ? BOM ? DEL,11:40,09:30 07 Mar,21h 50m,1 stop,No info,17261,>=15000
Jet Airways,06/03/2019,Banglore,New Delhi,BLR ? BOM ? DEL,21:25,07:40 07 Mar,10h 15m,1 stop,No info,16736,>=15000
Multiple carriers,6/03/2019,Delhi,Cochin,DEL ? BOM ? COK,18:00,01:35 07 Mar,7h 35m,1 stop,No info,16863,>=15000
Multiple carriers,6/03/2019,Delhi,Cochin,DEL ? BOM ? COK,09:00,15:30,6h 30m,1 stop,In-flight meal not included,15136,>=15000
Jet Airways,24/05/2019,Delhi,Cochin,DEL ? JAI ? BOM ? COK,05:30,04:25 25 May,22h 55m,2 stops,No info,15129,>=15000
Jet Airways,27/05/2019,Delhi,Cochin,DEL ? JAI ? BOM ? COK,05:30,19:00,13h 30m,2 stops,No info,15129,>=15000
Multiple carriers,3/03/2019,Delhi,Cochin,DEL ? BOM ? COK,13:00,01:35 04 Mar,12h 35m,1 stop,No info,18286,>=15000
Air India,24/05/2019,Kolkata,Banglore,CCU ? DEL ? AMD ? BLR,10:00,05:25 25 May,19h 25m,2 stops,No info,15107,>=15000
Jet Airways,01/03/2019,Banglore,New Delhi,BLR ? BOM ? DEL,11:40,11:25 02 Mar,23h 45m,1 stop,No info,25735,>=15000
Air India,01/03/2019,Banglore,New Delhi,BLR ? BOM ? AMD ? DEL,08:50,23:55 02 Mar,39h 5m,2 stops,No info,17135,>=15000
Jet Airways,9/05/2019,Delhi,Cochin,DEL ? BOM ? COK,10:00,19:00,9h,1 stop,No info,15554,>=15000
Jet Airways,12/03/2019,Banglore,New Delhi,BLR ? BOM ? DEL,05:45,12:15,6h 30m,1 stop,No info,17524,>=15000
Jet Airways,27/05/2019,Delhi,Cochin,DEL ? AMD ? BOM ? COK,23:05,12:35 28 May,13h 30m,2 stops,No info,15129,>=15000
Air India,1/05/2019,Kolkata,Banglore,CCU ? DEL ? COK ? BLR,10:00,13:45 02 May,27h 45m,2 stops,No info,15164,>=15000
Multiple carriers,27/05/2019,Delhi,Cochin,DEL ? BOM ? COK,11:30,19:15,7h 45m,1 stop,No info,15898,>=15000
Jet Airways,01/03/2019,Banglore,New Delhi,BLR ? BOM ? DEL,22:50,21:20 02 Mar,22h 30m,1 stop,No info,25735,>=15000
Jet Airways,18/05/2019,Delhi,Cochin,DEL ? AMD ? BOM ? COK,19:10,12:35 19 May,17h 25m,2 stops,No info,15129,>=15000
Jet Airways,06/03/2019,Banglore,New Delhi,BLR ? BOM ? DEL,14:05,19:10,5h 5m,1 stop,No info,19225,>=15000
Jet Airways,27/05/2019,Delhi,Cochin,DEL ? BOM ? COK,20:55,04:25 28 May,7h 30m,1 stop,No info,16079,>=15000
Jet Airways,9/05/2019,Delhi,Cochin,DEL ? AMD ? BOM ? COK,19:10,19:00 10 May,23h 50m,2 stops,No info,15129,>=15000
Air India,6/03/2019,Mumbai,Hyderabad,BOM ? GOI ? PNQ ? HYD,16:50,16:55,5m,2 stops,No info,17327,>=15000
Jet Airways,01/03/2019,Banglore,New Delhi,BLR ? DEL,19:55,22:35,2h 40m,non-stop,No info,18308,>=15000
Jet Airways,9/03/2019,Delhi,Cochin,DEL ? BOM ? COK,17:25,04:25 10 Mar,11h,1 stop,No info,15554,>=15000
Jet Airways,27/05/2019,Delhi,Cochin,DEL ? JAI ? BOM ? COK,19:30,12:35 28 May,17h 5m,2 stops,No info,15129,>=15000
Vistara,01/03/2019,Banglore,New Delhi,BLR ? DEL,07:00,09:40,2h 40m,non-stop,No info,21520,>=15000
Jet Airways,1/06/2019,Delhi,Cochin,DEL ? BOM ? COK,07:05,19:00,11h 55m,1 stop,In-flight meal not included,15190,>=15000
Jet Airways,3/06/2019,Delhi,Cochin,DEL ? BOM ? COK,21:50,04:25 04 Jun,6h 35m,1 stop,No info,16079,>=15000
Multiple carriers,6/03/2019,Delhi,Cochin,DEL ? BOM ? COK,13:00,21:00,8h,1 stop,No info,15603,>=15000
Jet Airways,24/06/2019,Delhi,Cochin,DEL ? BOM ? COK,07:05,19:00,11h 55m,1 stop,No info,18581,>=15000
Jet Airways,01/03/2019,Banglore,New Delhi,BLR ? BOM ? DEL,18:40,09:30 02 Mar,14h 50m,1 stop,1 Long layover,31825,>=15000
Jet Airways,01/03/2019,Banglore,New Delhi,BLR ? BOM ? DEL,22:50,07:40 02 Mar,8h 50m,1 stop,No info,26890,>=15000
Air India,3/03/2019,Delhi,Cochin,DEL ? BOM ? COK,08:00,19:15,11h 15m,1 stop,No info,15197,>=15000
Multiple carriers,9/06/2019,Delhi,Cochin,DEL ? GWL ? IDR ? BOM ? COK,11:35,01:30 10 Jun,13h 55m,3 stops,No info,15419,>=15000
Multiple carriers,3/03/2019,Delhi,Cochin,DEL ? BOM ? COK,08:25,18:50,10h 25m,1 stop,No info,15135,>=15000
Jet Airways,27/06/2019,Delhi,Cochin,DEL ? JDH ? BOM ? COK,11:40,19:00,7h 20m,2 stops,No info,18804,>=15000
Jet Airways,01/03/2019,Banglore,New Delhi,BLR ? BOM ? DEL,07:00,21:20,14h 20m,1 stop,No info,27992,>=15000
Jet Airways,9/04/2019,Delhi,Cochin,DEL ? JDH ? BOM ? COK,11:40,19:00,7h 20m,2 stops,No info,15439,>=15000
Multiple carriers,18/05/2019,Delhi,Cochin,DEL ? IXU ? BOM ? COK,17:50,01:30 19 May,7h 40m,2 stops,No info,19360,>=15000
Jet Airways,9/05/2019,Delhi,Cochin,DEL ? BOM ? COK,17:30,19:00 10 May,25h 30m,1 stop,No info,15554,>=15000
Jet Airways,06/03/2019,Banglore,New Delhi,BLR ? BOM ? DEL,20:35,10:25 07 Mar,13h 50m,1 stop,No info,17261,>=15000
Jet Airways,06/03/2019,Banglore,New Delhi,BLR ? BOM ? DEL,07:00,23:00,16h,1 stop,No info,16736,>=15000
Jet Airways,18/05/2019,Delhi,Cochin,DEL ? AMD ? BOM ? COK,13:25,12:35 19 May,23h 10m,2 stops,No info,16704,>=15000
Jet Airways,27/05/2019,Delhi,Cochin,DEL ? JAI ? BOM ? COK,09:40,12:35 28 May,26h 55m,2 stops,No info,15129,>=15000
Jet Airways,24/06/2019,Delhi,Cochin,DEL ? BOM ? COK,02:15,12:35,10h 20m,1 stop,No info,18371,>=15000
Jet Airways,6/03/2019,Delhi,Cochin,DEL ? BOM ? COK,11:30,18:50,7h 20m,1 stop,No info,17024,>=15000
Multiple carriers,6/03/2019,Delhi,Cochin,DEL ? BOM ? COK,08:55,15:30,6h 35m,1 stop,No info,15147,>=15000
Jet Airways,9/05/2019,Delhi,Cochin,DEL ? JAI ? BOM ? COK,09:40,04:25 10 May,18h 45m,2 stops,No info,15129,>=15000
Jet Airways,06/03/2019,Banglore,New Delhi,BLR ? BOM ? DEL,08:00,23:00,15h,1 stop,No info,16736,>=15000
Jet Airways,06/03/2019,Banglore,New Delhi,BLR ? BOM ? DEL,05:45,19:10,13h 25m,1 stop,No info,16736,>=15000
Air India,9/03/2019,Delhi,Cochin,DEL ? CCU ? BOM ? COK,20:15,19:15 10 Mar,23h,2 stops,No info,19681,>=15000
Jet Airways,6/03/2019,Mumbai,Hyderabad,BOM ? IDR ? DEL ? HYD,17:50,16:50 07 Mar,23h,2 stops,No info,20845,>=15000
Air India,1/05/2019,Kolkata,Banglore,CCU ? DEL ? COK ? BLR,20:30,13:45 02 May,17h 15m,2 stops,No info,15164,>=15000
Jet Airways,01/03/2019,Banglore,New Delhi,BLR ? BOM ? DEL,14:05,10:25 02 Mar,20h 20m,1 stop,No info,20800,>=15000
IndiGo,9/03/2019,Delhi,Cochin,DEL ? BOM ? COK,04:45,12:55,8h 10m,1 stop,No info,16162,>=15000
Jet Airways,06/03/2019,Banglore,New Delhi,BLR ? BOM ? DEL,08:55,05:05 07 Mar,20h 10m,1 stop,No info,16736,>=15000
Jet Airways,21/05/2019,Delhi,Cochin,DEL ? BOM ? COK,19:45,19:00 22 May,23h 15m,1 stop,No info,16079,>=15000
Jet Airways,01/03/2019,Banglore,New Delhi,BLR ? BOM ? DEL,14:05,08:15 02 Mar,18h 10m,1 stop,No info,22270,>=15000
Multiple carriers,3/03/2019,Delhi,Cochin,DEL ? BOM ? COK,09:10,18:50,9h 40m,1 stop,No info,15135,>=15000
Jet Airways,27/05/2019,Delhi,Cochin,DEL ? AMD ? BOM ? COK,23:05,19:00 28 May,19h 55m,2 stops,No info,15129,>=15000
Jet Airways,6/03/2019,Delhi,Cochin,DEL ? BOM ? COK,16:00,04:25 07 Mar,12h 25m,1 stop,No info,15764,>=15000
Air India,24/03/2019,Kolkata,Banglore,CCU ? BBI ? BOM ? BLR,09:10,07:55 25 Mar,22h 45m,2 stops,No info,15187,>=15000
Multiple carriers,9/05/2019,Delhi,Cochin,DEL ? BOM ? COK,12:50,01:30 10 May,12h 40m,1 stop,No info,34273,>=15000
Jet Airways,18/05/2019,Delhi,Cochin,DEL ? AMD ? BOM ? COK,19:10,19:00 19 May,23h 50m,2 stops,No info,16704,>=15000
Air India,6/06/2019,Kolkata,Banglore,CCU ? VNS ? DEL ? BLR,14:30,08:55 07 Jun,18h 25m,2 stops,No info,15107,>=15000
Jet Airways,06/03/2019,Banglore,New Delhi,BLR ? BOM ? DEL,08:00,15:15,7h 15m,1 stop,No info,19225,>=15000
Multiple carriers,15/06/2019,Delhi,Cochin,DEL ? BOM ? COK,07:05,19:15,12h 10m,1 stop,No info,16108,>=15000
Jet Airways,27/05/2019,Delhi,Cochin,DEL ? BOM ? COK,07:05,19:00,11h 55m,1 stop,No info,16289,>=15000
Jet Airways,3/03/2019,Delhi,Cochin,DEL ? BOM ? COK,23:05,18:50 04 Mar,19h 45m,1 stop,No info,18253,>=15000
Multiple carriers,27/05/2019,Delhi,Cochin,DEL ? IXU ? BOM ? COK,17:50,01:30 28 May,7h 40m,2 stops,No info,18275,>=15000
Multiple carriers,24/06/2019,Delhi,Cochin,DEL ? BOM ? COK,07:05,19:15,12h 10m,1 stop,No info,15058,>=15000
GoAir,3/03/2019,Delhi,Cochin,DEL ? BOM ? COK,14:10,19:20,5h 10m,1 stop,No info,22794,>=15000
Multiple carriers,1/06/2019,Delhi,Cochin,DEL ? BOM ? COK,08:00,19:15,11h 15m,1 stop,No info,16108,>=15000
Jet Airways,27/05/2019,Delhi,Cochin,DEL ? BOM ? COK,02:15,12:35,10h 20m,1 stop,No info,16376,>=15000
Jet Airways,27/05/2019,Delhi,Cochin,DEL ? AMD ? BOM ? COK,23:05,19:00 28 May,19h 55m,2 stops,No info,15129,>=15000
Multiple carriers,3/03/2019,Delhi,Cochin,DEL ? BOM ? COK,02:15,13:20,11h 5m,1 stop,No info,17057,>=15000
Jet Airways,27/05/2019,Delhi,Cochin,DEL ? JAI ? BOM ? COK,19:30,04:25 28 May,8h 55m,2 stops,No info,15129,>=15000
Air India,6/03/2019,Delhi,Cochin,DEL ? BOM ? COK,09:00,19:15,10h 15m,1 stop,No info,15284,>=15000
Jet Airways,21/05/2019,Delhi,Cochin,DEL ? BOM ? COK,11:30,19:00,7h 30m,1 stop,No info,16079,>=15000
Jet Airways,6/03/2019,Delhi,Cochin,DEL ? BOM ? COK,13:00,04:25 07 Mar,15h 25m,1 stop,No info,15764,>=15000
Multiple carriers,3/03/2019,Delhi,Cochin,DEL ? BOM ? COK,08:00,15:30,7h 30m,1 stop,No info,17057,>=15000
Jet Airways,18/05/2019,Delhi,Cochin,DEL ? AMD ? BOM ? COK,23:05,04:25 20 May,29h 20m,2 stops,No info,15129,>=15000
Jet Airways,3/06/2019,Delhi,Cochin,DEL ? JDH ? BOM ? COK,11:40,19:00,7h 20m,2 stops,In-flight meal not included,15812,>=15000
Jet Airways,1/06/2019,Delhi,Cochin,DEL ? JDH ? BOM ? COK,11:40,19:00,7h 20m,2 stops,In-flight meal not included,15812,>=15000
Jet Airways,3/03/2019,Delhi,Cochin,DEL ? BOM ? COK,11:30,18:50,7h 20m,1 stop,No info,18550,>=15000
Jet Airways,06/03/2019,Banglore,New Delhi,BLR ? BOM ? DEL,16:55,11:25 07 Mar,18h 30m,1 stop,No info,17261,>=15000
Jet Airways Business,3/03/2019,Delhi,Cochin,DEL ? ATQ ? BOM ? COK,20:05,04:25 04 Mar,8h 20m,2 stops,No info,46490,>=15000
Multiple carriers,1/03/2019,Delhi,Cochin,DEL ? BOM ? COK,00:20,13:20,13h,1 stop,No info,29528,>=15000
Multiple carriers,6/03/2019,Delhi,Cochin,DEL ? BOM ? COK,09:00,21:00,12h,1 stop,No info,15078,>=15000
Jet Airways,01/03/2019,Banglore,New Delhi,BLR ? BOM ? DEL,08:55,18:25,9h 30m,1 stop,No info,26890,>=15000
Air India,1/03/2019,Mumbai,Hyderabad,BOM ? HYD,19:30,20:45,1h 15m,non-stop,No info,15385,>=15000
Jet Airways,9/03/2019,Delhi,Cochin,DEL ? BOM ? COK,19:45,04:25 10 Mar,8h 40m,1 stop,No info,15554,>=15000
Jet Airways,1/05/2019,Delhi,Cochin,DEL ? JAI ? BOM ? COK,09:40,12:35 02 May,26h 55m,2 stops,No info,15129,>=15000
Air India,01/03/2019,Banglore,New Delhi,BLR ? GAU ? DEL,13:50,18:40 02 Mar,28h 50m,1 stop,No info,17198,>=15000
Multiple carriers,9/03/2019,Delhi,Cochin,DEL ? BOM ? COK,08:00,19:45,11h 45m,1 stop,No info,16287,>=15000
Air India,24/03/2019,Kolkata,Banglore,CCU ? IXB ? DEL ? BLR,13:55,23:15 25 Mar,33h 20m,2 stops,No info,15292,>=15000
Air India,6/03/2019,Mumbai,Hyderabad,BOM ? GOI ? PNQ ? HYD,05:05,16:55,11h 50m,2 stops,No info,16697,>=15000
Air India,6/03/2019,Delhi,Cochin,DEL ? BOM ? COK,10:00,19:15,9h 15m,1 stop,No info,16439,>=15000
Jet Airways,18/05/2019,Delhi,Cochin,DEL ? JAI ? BOM ? COK,05:30,04:25 19 May,22h 55m,2 stops,No info,15129,>=15000
Multiple carriers,9/03/2019,Delhi,Cochin,DEL ? BOM ? COK,07:00,19:45,12h 45m,1 stop,No info,15237,>=15000
Jet Airways,01/03/2019,Banglore,New Delhi,BLR ? BOM ? DEL,05:45,18:25,12h 40m,1 stop,No info,26890,>=15000
Jet Airways,01/03/2019,Banglore,New Delhi,BLR ? BOM ? DEL,14:05,00:45 02 Mar,10h 40m,1 stop,No info,26890,>=15000
Multiple carriers,6/03/2019,Delhi,Cochin,DEL ? BOM ? COK,16:00,01:35 07 Mar,9h 35m,1 stop,In-flight meal not included,15136,>=15000
Multiple carriers,1/05/2019,Delhi,Cochin,DEL ? BOM ? COK,09:00,19:15,10h 15m,1 stop,No info,15373,>=15000
Multiple carriers,9/03/2019,Delhi,Cochin,DEL ? BOM ? COK,15:15,01:35 10 Mar,10h 20m,1 stop,No info,15200,>=15000
Jet Airways,6/03/2019,Delhi,Cochin,DEL ? BOM ? COK,09:55,18:50,8h 55m,1 stop,In-flight meal not included,15400,>=15000
Jet Airways,06/03/2019,Banglore,New Delhi,BLR ? BOM ? DEL,14:05,09:00 07 Mar,18h 55m,1 stop,No info,17261,>=15000
Jet Airways,18/05/2019,Delhi,Cochin,DEL ? JDH ? BOM ? COK,11:40,19:00,7h 20m,2 stops,In-flight meal not included,19644,>=15000
Multiple carriers,3/03/2019,Delhi,Cochin,DEL ? IDR ? BOM ? COK,15:05,01:35 04 Mar,10h 30m,2 stops,No info,34503,>=15000
Air India,24/05/2019,Kolkata,Banglore,CCU ? GAU ? DEL ? BLR,09:50,23:15,13h 25m,2 stops,No info,15170,>=15000
Jet Airways,9/05/2019,Delhi,Cochin,DEL ? JAI ? BOM ? COK,19:30,04:25 10 May,8h 55m,2 stops,No info,15129,>=15000
Jet Airways,3/03/2019,Delhi,Cochin,DEL ? UDR ? BOM ? COK,18:20,04:25 05 Mar,34h 5m,2 stops,No info,20747,>=15000
Air India,6/06/2019,Kolkata,Banglore,CCU ? VNS ? DEL ? BLR,14:30,23:15,8h 45m,2 stops,No info,15894,>=15000
Jet Airways,18/05/2019,Delhi,Cochin,DEL ? JAI ? BOM ? COK,05:30,19:00,13h 30m,2 stops,No info,15129,>=15000
Air India,9/05/2019,Kolkata,Banglore,CCU ? VNS ? DEL ? BLR,14:30,12:30 10 May,22h,2 stops,No info,15107,>=15000
Jet Airways,01/03/2019,Banglore,New Delhi,BLR ? BOM ? DEL,07:00,18:25,11h 25m,1 stop,No info,26890,>=15000
Jet Airways,01/03/2019,Banglore,New Delhi,BLR ? BOM ? DEL,08:55,21:20,12h 25m,1 stop,1 Long layover,27992,>=15000
Jet Airways,9/06/2019,Delhi,Cochin,DEL ? JDH ? BOM ? COK,11:40,19:00,7h 20m,2 stops,In-flight meal not included,15812,>=15000
Multiple carriers,3/03/2019,Delhi,Cochin,DEL ? BOM ? COK,07:00,21:00,14h,1 stop,No info,15603,>=15000
Jet Airways,06/03/2019,Banglore,New Delhi,BLR ? BOM ? DEL,11:40,09:00 07 Mar,21h 20m,1 stop,No info,17261,>=15000
Multiple carriers,9/06/2019,Delhi,Cochin,DEL ? GWL ? IDR ? BOM ? COK,11:35,21:00,9h 25m,3 stops,No info,15629,>=15000
Jet Airways,01/03/2019,Banglore,New Delhi,BLR ? BOM ? DEL,07:00,15:15,8h 15m,1 stop,No info,26890,>=15000
Multiple carriers,6/03/2019,Delhi,Cochin,DEL ? BOM ? COK,10:20,19:15,8h 55m,1 stop,No info,15353,>=15000
Jet Airways,21/05/2019,Delhi,Cochin,DEL ? AMD ? BOM ? COK,13:25,12:35 22 May,23h 10m,2 stops,No info,15129,>=15000
Multiple carriers,3/03/2019,Delhi,Cochin,DEL ? BOM ? COK,08:55,18:50,9h 55m,1 stop,No info,15411,>=15000
Jet Airways,6/03/2019,Delhi,Cochin,DEL ? BOM ? COK,09:55,04:25 07 Mar,18h 30m,1 stop,No info,15764,>=15000
Jet Airways,6/03/2019,Delhi,Cochin,DEL ? BOM ? COK,22:20,19:45 07 Mar,21h 25m,1 stop,No info,17024,>=15000
Air India,6/03/2019,Delhi,Cochin,DEL ? BOM ? COK,07:00,07:40 07 Mar,24h 40m,1 stop,No info,15407,>=15000
Jet Airways,9/03/2019,Delhi,Cochin,DEL ? JDH ? BOM ? COK,13:55,04:25 10 Mar,14h 30m,2 stops,No info,17229,>=15000
Multiple carriers,6/03/2019,Delhi,Cochin,DEL ? BOM ? COK,09:00,19:15,10h 15m,1 stop,In-flight meal not included,15342,>=15000
Jet Airways,01/03/2019,Banglore,New Delhi,BLR ? BOM ? DEL,16:55,00:45 02 Mar,7h 50m,1 stop,No info,26890,>=15000
Jet Airways,1/06/2019,Delhi,Cochin,DEL ? ATQ ? BOM ? COK,20:00,04:25 02 Jun,8h 25m,2 stops,No info,16263,>=15000
Air India,9/03/2019,Delhi,Cochin,DEL ? LKO ? BOM ? COK,18:30,19:15 10 Mar,24h 45m,2 stops,No info,18211,>=15000
Jet Airways,06/03/2019,Banglore,New Delhi,BLR ? BOM ? DEL,05:45,10:25,4h 40m,1 stop,No info,19225,>=15000
Air India,3/03/2019,Delhi,Cochin,DEL ? NAG ? BOM ? COK,05:55,07:40 04 Mar,25h 45m,2 stops,No info,15428,>=15000
Jet Airways,21/05/2019,Delhi,Cochin,DEL ? BOM ? COK,02:15,12:35,10h 20m,1 stop,No info,16376,>=15000
Jet Airways,06/03/2019,Banglore,New Delhi,BLR ? BOM ? DEL,11:40,11:25 07 Mar,23h 45m,1 stop,No info,17261,>=15000
Multiple carriers,1/03/2019,Delhi,Cochin,DEL ? BOM ? COK,00:20,15:30,15h 10m,1 stop,No info,23170,>=15000
Jet Airways,6/03/2019,Mumbai,Hyderabad,BOM ? DEL ? HYD,20:45,16:50 07 Mar,20h 5m,1 stop,No info,19595,>=15000
Multiple carriers,3/03/2019,Delhi,Cochin,DEL ? IXU ? BOM ? COK,17:50,01:35 04 Mar,7h 45m,2 stops,No info,24528,>=15000
Jet Airways,9/06/2019,Delhi,Cochin,DEL ? BOM ? COK,02:15,12:35,10h 20m,1 stop,No info,18371,>=15000
Jet Airways,27/05/2019,Delhi,Cochin,DEL ? AMD ? BOM ? COK,19:10,19:00 28 May,23h 50m,2 stops,No info,15129,>=15000
Jet Airways,18/05/2019,Delhi,Cochin,DEL ? JAI ? BOM ? COK,09:40,04:25 19 May,18h 45m,2 stops,No info,15129,>=15000
Jet Airways,6/05/2019,Delhi,Cochin,DEL ? JAI ? BOM ? COK,05:30,04:25 07 May,22h 55m,2 stops,No info,15129,>=15000
Multiple carriers,6/03/2019,Delhi,Cochin,DEL ? BOM ? COK,17:30,01:35 07 Mar,8h 5m,1 stop,No info,17057,>=15000
Jet Airways,06/03/2019,Banglore,New Delhi,BLR ? BOM ? DEL,08:55,09:00 07 Mar,24h 5m,1 stop,No info,15025,>=15000
Jet Airways,21/05/2019,Delhi,Cochin,DEL ? ATQ ? BOM ? COK,20:00,04:25 22 May,8h 25m,2 stops,No info,16263,>=15000
Jet Airways,21/05/2019,Delhi,Cochin,DEL ? JAI ? BOM ? COK,05:30,19:00,13h 30m,2 stops,No info,15129,>=15000
Jet Airways,9/05/2019,Delhi,Cochin,DEL ? BOM ? COK,21:50,04:25 10 May,6h 35m,1 stop,No info,15554,>=15000
Jet Airways,1/05/2019,Delhi,Cochin,DEL ? JAI ? BOM ? COK,05:30,04:25 02 May,22h 55m,2 stops,No info,15129,>=15000
Jet Airways,27/05/2019,Delhi,Cochin,DEL ? JAI ? BOM ? COK,05:30,04:25 28 May,22h 55m,2 stops,No info,15129,>=15000
Jet Airways,27/05/2019,Delhi,Cochin,DEL ? BHO ? BOM ? COK,05:30,12:35,7h 5m,2 stops,No info,16274,>=15000
Jet Airways,27/05/2019,Delhi,Cochin,DEL ? AMD ? BOM ? COK,19:10,19:00 28 May,23h 50m,2 stops,No info,15129,>=15000
Air India,6/03/2019,Mumbai,Hyderabad,BOM ? JAI ? DEL ? HYD,11:35,19:25 07 Mar,31h 50m,2 stops,No info,17926,>=15000
Jet Airways,6/03/2019,Delhi,Cochin,DEL ? IDR ? BOM ? COK,05:25,19:45 07 Mar,38h 20m,2 stops,No info,16914,>=15000
Jet Airways,01/03/2019,Banglore,New Delhi,BLR ? BOM ? DEL,22:50,05:05 02 Mar,6h 15m,1 stop,No info,26890,>=15000
Jet Airways,06/03/2019,Banglore,New Delhi,BLR ? BOM ? DEL,05:45,21:20,15h 35m,1 stop,No info,16736,>=15000
Jet Airways,12/06/2019,Delhi,Cochin,DEL ? JDH ? BOM ? COK,11:40,19:00,7h 20m,2 stops,No info,18804,>=15000
Jet Airways,6/03/2019,Delhi,Cochin,DEL ? BOM ? COK,17:30,19:45 07 Mar,26h 15m,1 stop,No info,17024,>=15000
Jet Airways,01/03/2019,Banglore,New Delhi,BLR ? BOM ? DEL,14:05,20:20,6h 15m,1 stop,No info,27992,>=15000
Air India,6/03/2019,Mumbai,Hyderabad,BOM ? GOI ? PNQ ? HYD,13:30,16:55,3h 25m,2 stops,No info,18797,>=15000
Jet Airways,9/03/2019,Delhi,Cochin,DEL ? BOM ? COK,19:15,04:25 10 Mar,9h 10m,1 stop,No info,16289,>=15000
Jet Airways,3/03/2019,Delhi,Cochin,DEL ? BOM ? COK,16:00,04:25 04 Mar,12h 25m,1 stop,No info,17234,>=15000
Jet Airways,21/05/2019,Delhi,Cochin,DEL ? AMD ? BOM ? COK,23:05,04:25 23 May,29h 20m,2 stops,No info,15129,>=15000
Jet Airways,27/05/2019,Delhi,Cochin,DEL ? BHO ? BOM ? COK,05:30,12:35,7h 5m,2 stops,In-flight meal not included,15544,>=15000
Jet Airways,01/03/2019,Banglore,New Delhi,BLR ? BOM ? DEL,14:05,09:30 02 Mar,19h 25m,1 stop,No info,25735,>=15000
Multiple carriers,6/03/2019,Delhi,Cochin,DEL ? BOM ? COK,09:00,15:30,6h 30m,1 stop,No info,15078,>=15000
Multiple carriers,6/03/2019,Delhi,Cochin,DEL ? BOM ? COK,13:00,01:35 07 Mar,12h 35m,1 stop,In-flight meal not included,15136,>=15000
Jet Airways,21/05/2019,Delhi,Cochin,DEL ? AMD ? BOM ? COK,23:05,04:25 23 May,29h 20m,2 stops,No info,15129,>=15000
Jet Airways,9/03/2019,Delhi,Cochin,DEL ? IDR ? BOM ? COK,05:25,04:25 10 Mar,23h,2 stops,No info,16914,>=15000
Jet Airways,27/05/2019,Delhi,Cochin,DEL ? JAI ? BOM ? COK,05:30,19:00,13h 30m,2 stops,No info,15129,>=15000
Multiple carriers,3/03/2019,Delhi,Cochin,DEL ? BOM ? COK,04:00,18:50,14h 50m,1 stop,No info,15237,>=15000
Multiple carriers,27/05/2019,Delhi,Cochin,DEL ? BOM ? COK,13:00,19:15,6h 15m,1 stop,No info,15898,>=15000
Multiple carriers,9/03/2019,Delhi,Cochin,DEL ? IDR ? BOM ? COK,15:05,01:35 10 Mar,10h 30m,2 stops,No info,34608,>=15000
Jet Airways,3/03/2019,Delhi,Cochin,DEL ? BOM ? COK,09:00,18:50,9h 50m,1 stop,In-flight meal not included,15400,>=15000
Jet Airways,3/03/2019,Delhi,Cochin,DEL ? BHO ? BOM ? COK,05:40,18:50 04 Mar,37h 10m,2 stops,No info,21314,>=15000
Jet Airways,9/05/2019,Delhi,Cochin,DEL ? AMD ? BOM ? COK,23:05,19:00 10 May,19h 55m,2 stops,No info,15129,>=15000
Jet Airways,18/05/2019,Delhi,Cochin,DEL ? AMD ? BOM ? COK,23:05,12:35 19 May,13h 30m,2 stops,No info,15129,>=15000
Multiple carriers,6/03/2019,Delhi,Cochin,DEL ? BOM ? COK,07:30,19:15,11h 45m,1 stop,No info,15077,>=15000
Jet Airways,24/05/2019,Delhi,Cochin,DEL ? BOM ? COK,22:50,04:25 25 May,5h 35m,1 stop,No info,16079,>=15000
Jet Airways,9/05/2019,Delhi,Cochin,DEL ? BOM ? COK,02:15,12:35,10h 20m,1 stop,No info,15851,>=15000
Jet Airways,9/05/2019,Delhi,Cochin,DEL ? BOM ? COK,19:15,19:00 10 May,23h 45m,1 stop,No info,15554,>=15000
Jet Airways,27/05/2019,Delhi,Cochin,DEL ? AMD ? BOM ? COK,23:05,04:25 29 May,29h 20m,2 stops,No info,15129,>=15000
Multiple carriers,6/03/2019,Delhi,Cochin,DEL ? BOM ? COK,02:15,15:30,13h 15m,1 stop,No info,17057,>=15000
Multiple carriers,6/03/2019,Delhi,Cochin,DEL ? BOM ? COK,08:00,15:30,7h 30m,1 stop,No info,17267,>=15000
Jet Airways,18/05/2019,Delhi,Cochin,DEL ? BOM ? COK,02:15,19:00,16h 45m,1 stop,No info,15554,>=15000
Jet Airways,6/03/2019,Delhi,Cochin,DEL ? BOM ? COK,13:55,04:25 07 Mar,14h 30m,1 stop,No info,15764,>=15000
Multiple carriers,9/03/2019,Delhi,Cochin,DEL ? BOM ? COK,08:00,21:00,13h,1 stop,No info,16023,>=15000
Jet Airways,9/03/2019,Delhi,Cochin,DEL ? BOM ? COK,15:05,18:50 10 Mar,27h 45m,1 stop,No info,16289,>=15000
Jet Airways,24/05/2019,Delhi,Cochin,DEL ? AMD ? BOM ? COK,19:10,19:00 25 May,23h 50m,2 stops,No info,15129,>=15000
Jet Airways,27/06/2019,Delhi,Cochin,DEL ? AMD ? BOM ? COK,23:05,04:25 29 Jun,29h 20m,2 stops,No info,15339,>=15000
Jet Airways,09/03/2019,Banglore,New Delhi,BLR ? BOM ? JDH ? DEL,08:55,15:55,7h,2 stops,No info,23001,>=15000
Jet Airways,21/05/2019,Delhi,Cochin,DEL ? AMD ? BOM ? COK,19:10,19:00 22 May,23h 50m,2 stops,No info,15129,>=15000
Jet Airways,3/03/2019,Delhi,Cochin,DEL ? BOM ? COK,21:50,18:50 04 Mar,21h,1 stop,No info,17024,>=15000
Multiple carriers,6/03/2019,Delhi,Cochin,DEL ? IDR ? BOM ? COK,15:05,01:35 07 Mar,10h 30m,2 stops,No info,21483,>=15000
Multiple carriers,3/06/2019,Delhi,Cochin,DEL ? BOM ? COK,08:00,19:15,11h 15m,1 stop,No info,15058,>=15000
Jet Airways,9/05/2019,Delhi,Cochin,DEL ? AMD ? BOM ? COK,19:10,19:00 10 May,23h 50m,2 stops,No info,15129,>=15000
IndiGo,01/03/2019,Banglore,New Delhi,BLR ? DEL,13:00,15:50,2h 50m,non-stop,No info,19685,>=15000
Air India,01/03/2019,Banglore,New Delhi,BLR ? DEL,21:10,23:55,2h 45m,non-stop,No info,25703,>=15000
Jet Airways,18/05/2019,Delhi,Cochin,DEL ? BOM ? COK,11:30,19:00,7h 30m,1 stop,No info,15554,>=15000
Jet Airways,01/03/2019,Banglore,New Delhi,BLR ? BOM ? DEL,08:55,05:05 02 Mar,20h 10m,1 stop,1 Long layover,26890,>=15000
Jet Airways,18/05/2019,Delhi,Cochin,DEL ? JAI ? BOM ? COK,09:40,12:35 19 May,26h 55m,2 stops,No info,15129,>=15000
Multiple carriers,6/03/2019,Delhi,Cochin,DEL ? BOM ? COK,08:00,21:00,13h,1 stop,No info,15078,>=15000
Jet Airways,9/03/2019,Delhi,Cochin,DEL ? BOM ? COK,21:50,18:50 10 Mar,21h,1 stop,No info,15764,>=15000
Jet Airways,6/03/2019,Delhi,Cochin,DEL ? BOM ? COK,19:45,04:25 07 Mar,8h 40m,1 stop,No info,15764,>=15000
Jet Airways,06/03/2019,Banglore,New Delhi,BLR ? BOM ? DEL,07:00,12:25,5h 25m,1 stop,No info,22270,>=15000
Jet Airways,12/03/2019,Mumbai,Hyderabad,BOM ? VNS ? DEL ? HYD,06:30,16:35,10h 5m,2 stops,No info,23528,>=15000
Multiple carriers,6/03/2019,Delhi,Cochin,DEL ? BOM ? COK,09:00,21:00,12h,1 stop,In-flight meal not included,15136,>=15000
Jet Airways,01/03/2019,Banglore,New Delhi,BLR ? BOM ? DEL,22:50,11:25 02 Mar,12h 35m,1 stop,1 Long layover,31825,>=15000
Jet Airways,27/05/2019,Delhi,Cochin,DEL ? AMD ? BOM ? COK,23:05,04:25 29 May,29h 20m,2 stops,No info,16704,>=15000
Jet Airways,01/03/2019,Banglore,New Delhi,BLR ? BOM ? DEL,08:00,07:40 02 Mar,23h 40m,1 stop,No info,22270,>=15000
Jet Airways,9/03/2019,Delhi,Cochin,DEL ? ATQ ? BOM ? COK,08:20,04:25 10 Mar,20h 5m,2 stops,No info,18909,>=15000
Air India,1/03/2019,Delhi,Cochin,DEL ? BLR ? COK,09:45,08:15 02 Mar,22h 30m,1 stop,No info,22798,>=15000
Jet Airways,9/03/2019,Delhi,Cochin,DEL ? BOM ? COK,02:15,04:25 10 Mar,26h 10m,1 stop,No info,15029,>=15000
Jet Airways,9/05/2019,Delhi,Cochin,DEL ? BOM ? COK,08:00,19:00,11h,1 stop,No info,15554,>=15000
Jet Airways,27/05/2019,Delhi,Cochin,DEL ? AMD ? BOM ? COK,23:05,04:25 29 May,29h 20m,2 stops,No info,15129,>=15000
Jet Airways,6/05/2019,Delhi,Cochin,DEL ? AMD ? BOM ? COK,19:10,19:00 07 May,23h 50m,2 stops,No info,15129,>=15000
Air India,01/03/2019,Banglore,New Delhi,BLR ? CCU ? BBI ? HYD ? VGA ? DEL,05:50,11:20 02 Mar,29h 30m,4 stops,Change airports,17686,>=15000
Jet Airways,6/03/2019,Delhi,Cochin,DEL ? UDR ? BOM ? COK,17:55,04:25 08 Mar,34h 30m,2 stops,No info,17072,>=15000
Air India,3/03/2019,Delhi,Cochin,DEL ? BLR ? COK,09:45,23:00,13h 15m,1 stop,No info,27282,>=15000
Multiple carriers,6/03/2019,Delhi,Cochin,DEL ? BOM ? COK,06:40,18:50,12h 10m,1 stop,No info,15135,>=15000
Jet Airways,18/05/2019,Delhi,Cochin,DEL ? ATQ ? BOM ? COK,20:00,04:25 19 May,8h 25m,2 stops,No info,16263,>=15000
Jet Airways,6/03/2019,Delhi,Cochin,DEL ? BOM ? COK,23:05,04:25 07 Mar,5h 20m,1 stop,No info,15764,>=15000
Jet Airways,01/03/2019,Banglore,New Delhi,BLR ? BOM ? DEL,22:50,23:00 02 Mar,24h 10m,1 stop,No info,25735,>=15000
Jet Airways,27/06/2019,Delhi,Cochin,DEL ? AMD ? BOM ? COK,13:25,19:00 28 Jun,29h 35m,2 stops,No info,15339,>=15000
Jet Airways,3/03/2019,Delhi,Cochin,DEL ? IDR ? BOM ? COK,05:25,18:50 04 Mar,37h 25m,2 stops,No info,20064,>=15000
Jet Airways,06/03/2019,Banglore,New Delhi,BLR ? BOM ? DEL,05:45,12:25,6h 40m,1 stop,No info,22270,>=15000
Jet Airways,9/03/2019,Delhi,Cochin,DEL ? BDQ ? BOM ? COK,10:45,04:25 10 Mar,17h 40m,2 stops,In-flight meal not included,15654,>=15000
Vistara,01/03/2019,Banglore,New Delhi,BLR ? DEL,19:40,22:20,2h 40m,non-stop,No info,21730,>=15000
Jet Airways,06/03/2019,Banglore,New Delhi,BLR ? BOM ? DEL,22:50,09:30 07 Mar,10h 40m,1 stop,No info,17261,>=15000
Multiple carriers,15/05/2019,Delhi,Cochin,DEL ? IDR ? BOM ? COK,15:05,01:30 16 May,10h 25m,2 stops,No info,16840,>=15000
Jet Airways,6/05/2019,Delhi,Cochin,DEL ? BOM ? COK,22:50,04:25 07 May,5h 35m,1 stop,No info,15554,>=15000
Jet Airways,06/03/2019,Banglore,New Delhi,BLR ? BOM ? DEL,21:25,05:05 07 Mar,7h 40m,1 stop,No info,19225,>=15000
Multiple carriers,3/03/2019,Delhi,Cochin,DEL ? BOM ? COK,10:45,18:50,8h 5m,1 stop,No info,15135,>=15000
Jet Airways,01/03/2019,Banglore,New Delhi,BLR ? BOM ? DEL,11:40,05:05 02 Mar,17h 25m,1 stop,No info,22270,>=15000
Jet Airways,18/05/2019,Delhi,Cochin,DEL ? AMD ? BOM ? COK,23:05,19:00 19 May,19h 55m,2 stops,No info,15129,>=15000
Air India,3/03/2019,Delhi,Cochin,DEL ? MAA ? COK,12:30,09:25 04 Mar,20h 55m,1 stop,No info,16142,>=15000
Multiple carriers,6/03/2019,Delhi,Cochin,DEL ? BOM ? COK,13:00,21:00,8h,1 stop,In-flight meal not included,15136,>=15000
Air India,3/03/2019,Delhi,Cochin,DEL ? BHO ? BOM ? COK,20:00,19:15 04 Mar,23h 15m,2 stops,No info,17266,>=15000
Multiple carriers,3/03/2019,Delhi,Cochin,DEL ? BOM ? COK,11:30,01:35 04 Mar,14h 5m,1 stop,No info,18286,>=15000
Air India,18/05/2019,Kolkata,Banglore,CCU ? GAU ? DEL ? BLR,09:50,23:15,13h 25m,2 stops,No info,15957,>=15000
Jet Airways,27/05/2019,Delhi,Cochin,DEL ? JAI ? BOM ? COK,09:40,04:25 28 May,18h 45m,2 stops,No info,15129,>=15000
Air India,01/03/2019,Banglore,New Delhi,BLR ? CCU ? BBI ? DEL,05:50,16:20,10h 30m,2 stops,Change airports,15119,>=15000
Multiple carriers,3/03/2019,Delhi,Cochin,DEL ? BOM ? COK,13:00,21:00,8h,1 stop,No info,17493,>=15000
Air India,21/05/2019,Kolkata,Banglore,CCU ? VNS ? DEL ? BLR,14:30,08:55 22 May,18h 25m,2 stops,No info,15107,>=15000
Jet Airways,9/05/2019,Delhi,Cochin,DEL ? BOM ? COK,13:00,19:00,6h,1 stop,No info,15554,>=15000
Jet Airways,9/03/2019,Delhi,Cochin,DEL ? BDQ ? BOM ? COK,10:45,18:50 10 Mar,32h 5m,2 stops,No info,19329,>=15000
Jet Airways,9/05/2019,Delhi,Cochin,DEL ? AMD ? BOM ? COK,23:05,04:25 11 May,29h 20m,2 stops,No info,15129,>=15000
Jet Airways,18/05/2019,Delhi,Cochin,DEL ? JAI ? BOM ? COK,09:40,19:00,9h 20m,2 stops,No info,15129,>=15000
Jet Airways,15/03/2019,Banglore,New Delhi,BLR ? BOM ? DEL,18:55,00:45 13 Mar,5h 50m,1 stop,No info,21934,>=15000
Jet Airways,6/03/2019,Delhi,Cochin,DEL ? IDR ? BOM ? COK,05:25,04:25 07 Mar,23h,2 stops,In-flight meal not included,16389,>=15000
Jet Airways,21/05/2019,Delhi,Cochin,DEL ? AMD ? BOM ? COK,23:05,04:25 23 May,29h 20m,2 stops,No info,15129,>=15000
Jet Airways,01/03/2019,Banglore,New Delhi,BLR ? BOM ? DEL,05:45,21:20,15h 35m,1 stop,No info,27992,>=15000
Jet Airways,24/06/2019,Delhi,Cochin,DEL ? JDH ? BOM ? COK,11:40,19:00,7h 20m,2 stops,No info,18804,>=15000
Jet Airways,06/03/2019,Banglore,New Delhi,BLR ? BOM ? DEL,16:55,08:15 07 Mar,15h 20m,1 stop,No info,16736,>=15000
Air India,24/05/2019,Kolkata,Banglore,CCU ? GAU ? DEL ? BLR,09:50,08:55 25 May,23h 5m,2 stops,No info,15170,>=15000
Jet Airways,09/03/2019,Banglore,New Delhi,BLR ? BOM ? DEL,18:40,00:45 07 Mar,6h 5m,1 stop,No info,22270,>=15000
Air India,18/05/2019,Kolkata,Banglore,CCU ? GAU ? DEL ? BLR,16:45,12:30 19 May,19h 45m,2 stops,No info,15170,>=15000
Jet Airways Business,6/03/2019,Delhi,Cochin,DEL ? ATQ ? BOM ? COK,20:05,04:25 07 Mar,8h 20m,2 stops,No info,52285,>=15000
Jet Airways,21/05/2019,Delhi,Cochin,DEL ? BOM ? COK,21:50,19:00 22 May,21h 10m,1 stop,No info,16079,>=15000
Multiple carriers,6/03/2019,Delhi,Cochin,DEL ? BOM ? COK,06:40,19:15,12h 35m,1 stop,No info,15077,>=15000
Jet Airways,21/05/2019,Delhi,Cochin,DEL ? BOM ? COK,15:00,19:00 22 May,28h,1 stop,No info,16079,>=15000
Air India,1/05/2019,Kolkata,Banglore,CCU ? BOM ? COK ? BLR,09:25,13:45 02 May,28h 20m,2 stops,No info,15532,>=15000
Multiple carriers,1/06/2019,Delhi,Cochin,DEL ? BOM ? COK,09:00,19:15,10h 15m,1 stop,No info,16108,>=15000
Jet Airways,18/05/2019,Delhi,Cochin,DEL ? AMD ? BOM ? COK,13:25,19:00 19 May,29h 35m,2 stops,No info,15129,>=15000
Air India,24/05/2019,Kolkata,Banglore,CCU ? GAU ? DEL ? BLR,09:50,12:30 25 May,26h 40m,2 stops,No info,15170,>=15000
Air India,01/03/2019,Banglore,New Delhi,BLR ? BOM ? AMD ? DEL,08:50,23:55 02 Mar,39h 5m,2 stops,No info,17135,>=15000
Jet Airways,06/03/2019,Banglore,New Delhi,BLR ? BOM ? DEL,08:55,16:10,7h 15m,1 stop,No info,19225,>=15000
Jet Airways,1/05/2019,Delhi,Cochin,DEL ? AMD ? BOM ? COK,19:10,19:00 02 May,23h 50m,2 stops,No info,15129,>=15000
Jet Airways,15/03/2019,Banglore,New Delhi,BLR ? BOM ? DEL,16:55,00:45 13 Mar,7h 50m,1 stop,No info,21934,>=15000
Multiple carriers,3/03/2019,Delhi,Cochin,DEL ? BOM ? COK,10:00,21:00,11h,1 stop,No info,16863,>=15000
Air India,3/03/2019,Delhi,Cochin,DEL ? MAA ? COK,09:45,09:25 04 Mar,23h 40m,1 stop,No info,24017,>=15000
Air India,9/03/2019,Delhi,Cochin,DEL ? GOI ? BOM ? COK,10:55,19:15 10 Mar,32h 20m,2 stops,No info,17476,>=15000
Jet Airways,3/03/2019,Delhi,Cochin,DEL ? BOM ? COK,16:00,18:50 04 Mar,26h 50m,1 stop,No info,17234,>=15000
Jet Airways,27/05/2019,Delhi,Cochin,DEL ? ATQ ? BOM ? COK,20:00,04:25 28 May,8h 25m,2 stops,In-flight meal not included,15318,>=15000
Multiple carriers,27/06/2019,Delhi,Cochin,DEL ? IDR ? BOM ? COK,15:05,01:30 28 Jun,10h 25m,2 stops,No info,15965,>=15000
Air India,24/03/2019,Kolkata,Banglore,CCU ? BLR,20:45,23:20,2h 35m,non-stop,No info,31945,>=15000
Multiple carriers,3/03/2019,Delhi,Cochin,DEL ? BOM ? COK,13:00,01:35 04 Mar,12h 35m,1 stop,No info,17493,>=15000
Jet Airways,18/05/2019,Delhi,Cochin,DEL ? JAI ? BOM ? COK,05:30,04:25 19 May,22h 55m,2 stops,No info,15129,>=15000
Jet Airways,15/06/2019,Delhi,Cochin,DEL ? JDH ? BOM ? COK,11:40,19:00,7h 20m,2 stops,No info,18804,>=15000
Multiple carriers,12/06/2019,Delhi,Cochin,DEL ? BOM ? COK,08:00,19:15,11h 15m,1 stop,No info,15058,>=15000
Jet Airways,9/03/2019,Delhi,Cochin,DEL ? IXC ? BOM ? COK,13:45,18:50 10 Mar,29h 5m,2 stops,No info,18752,>=15000
Jet Airways,18/05/2019,Delhi,Cochin,DEL ? JAI ? BOM ? COK,05:30,04:25 19 May,22h 55m,2 stops,No info,15129,>=15000
Jet Airways,01/03/2019,Banglore,New Delhi,BLR ? BOM ? DEL,07:00,13:15,6h 15m,1 stop,No info,26890,>=15000
Jet Airways,3/03/2019,Delhi,Cochin,DEL ? BOM ? COK,17:30,04:25 04 Mar,10h 55m,1 stop,No info,17024,>=15000
Air India,01/03/2019,Banglore,New Delhi,BLR ? VGA ? VTZ ? DEL,10:30,17:45,7h 15m,2 stops,Change airports,17461,>=15000
Jet Airways,21/05/2019,Delhi,Cochin,DEL ? BOM ? COK,07:05,19:00,11h 55m,1 stop,No info,16289,>=15000
Multiple carriers,6/03/2019,Delhi,Cochin,DEL ? BOM ? COK,17:00,01:35 07 Mar,8h 35m,1 stop,No info,24318,>=15000
Multiple carriers,15/06/2019,Delhi,Cochin,DEL ? BOM ? COK,11:30,19:15,7h 45m,1 stop,No info,16108,>=15000
Air India,01/03/2019,Banglore,New Delhi,BLR ? BOM ? DEL,06:45,12:15,5h 30m,1 stop,No info,23677,>=15000
Jet Airways,3/03/2019,Delhi,Cochin,DEL ? IDR ? BOM ? COK,05:25,18:50,13h 25m,2 stops,No info,18799,>=15000
Jet Airways,01/03/2019,Banglore,New Delhi,BLR ? BOM ? DEL,07:00,20:20,13h 20m,1 stop,No info,27992,>=15000
Multiple carriers,6/03/2019,Delhi,Cochin,DEL ? BOM ? COK,08:55,18:50,9h 55m,1 stop,No info,15411,>=15000
Jet Airways,27/05/2019,Delhi,Cochin,DEL ? AMD ? BOM ? COK,19:10,12:35 28 May,17h 25m,2 stops,No info,15129,>=15000
Jet Airways,3/03/2019,Delhi,Cochin,DEL ? IDR ? BOM ? COK,05:25,04:25 04 Mar,23h,2 stops,No info,18799,>=15000
Jet Airways,21/05/2019,Delhi,Cochin,DEL ? ATQ ? BOM ? COK,20:00,04:25 22 May,8h 25m,2 stops,In-flight meal not included,15318,>=15000
Jet Airways,06/03/2019,Banglore,New Delhi,BLR ? BOM ? DEL,08:55,21:20,12h 25m,1 stop,No info,16736,>=15000
Multiple carriers,9/05/2019,Delhi,Cochin,DEL ? IDR ? BOM ? COK,15:05,01:30 10 May,10h 25m,2 stops,No info,18191,>=15000
Jet Airways,12/03/2019,Mumbai,Hyderabad,BOM ? DEL ? HYD,03:00,16:35,13h 35m,1 stop,No info,22294,>=15000
Jet Airways,6/03/2019,Mumbai,Hyderabad,BOM ? BDQ ? DEL ? HYD,19:50,16:50 07 Mar,21h,2 stops,No info,24210,>=15000
Jet Airways,6/03/2019,Delhi,Cochin,DEL ? BOM ? COK,22:20,04:25 07 Mar,6h 5m,1 stop,No info,15764,>=15000
Jet Airways Business,01/03/2019,Banglore,New Delhi,BLR ? MAA ? DEL,09:45,14:25,4h 40m,1 stop,Business class,57209,>=15000
Jet Airways,01/03/2019,Banglore,New Delhi,BLR ? BOM ? DEL,07:00,05:05 02 Mar,22h 5m,1 stop,No info,26890,>=15000
Jet Airways,9/05/2019,Delhi,Cochin,DEL ? BHO ? BOM ? COK,05:30,12:35,7h 5m,2 stops,In-flight meal not included,15544,>=15000
Jet Airways,15/06/2019,Delhi,Cochin,DEL ? AMD ? BOM ? COK,23:05,04:25 17 Jun,29h 20m,2 stops,No info,15339,>=15000
Jet Airways,27/05/2019,Delhi,Cochin,DEL ? BOM ? COK,09:00,19:00,10h,1 stop,No info,16079,>=15000
Jet Airways,01/03/2019,Banglore,New Delhi,BLR ? BOM ? DEL,18:40,09:00 02 Mar,14h 20m,1 stop,No info,31825,>=15000
Jet Airways,6/03/2019,Delhi,Cochin,DEL ? AMD ? BOM ? COK,19:10,18:50 08 Mar,47h 40m,2 stops,No info,20694,>=15000
Jet Airways,3/03/2019,Delhi,Cochin,DEL ? BOM ? COK,07:05,18:50,11h 45m,1 stop,No info,17024,>=15000
Jet Airways,6/03/2019,Delhi,Cochin,DEL ? BHO ? BOM ? COK,05:40,04:25 07 Mar,22h 45m,2 stops,In-flight meal not included,17271,>=15000
Air India,9/03/2019,Delhi,Cochin,DEL ? BHO ? BOM ? COK,05:55,19:15,13h 20m,2 stops,No info,18736,>=15000
Air India,01/03/2019,Banglore,New Delhi,BLR ? BOM ? BHO ? DEL,06:45,09:25 02 Mar,26h 40m,2 stops,2 Long layover,26480,>=15000
Multiple carriers,6/03/2019,Delhi,Cochin,DEL ? BOM ? COK,07:05,13:20,6h 15m,1 stop,No info,17267,>=15000
Jet Airways,01/03/2019,Banglore,New Delhi,BLR ? BOM ? DEL,14:05,09:00 02 Mar,18h 55m,1 stop,No info,20800,>=15000
Air India,1/05/2019,Kolkata,Banglore,CCU ? BOM ? COK ? BLR,16:50,13:45 02 May,20h 55m,2 stops,No info,16372,>=15000
Multiple carriers,3/03/2019,Delhi,Cochin,DEL ? BOM ? COK,02:15,11:30,9h 15m,1 stop,No info,17057,>=15000
Jet Airways,06/03/2019,Banglore,New Delhi,BLR ? BOM ? DEL,14:05,09:30 07 Mar,19h 25m,1 stop,No info,17261,>=15000
Multiple carriers,6/03/2019,Delhi,Cochin,DEL ? BOM ? COK,10:20,21:00,10h 40m,1 stop,No info,15147,>=15000
Multiple carriers,6/03/2019,Delhi,Cochin,DEL ? BOM ? COK,10:20,01:35 07 Mar,15h 15m,1 stop,No info,15147,>=15000
Jet Airways,9/05/2019,Delhi,Cochin,DEL ? JDH ? BOM ? COK,11:40,19:00,7h 20m,2 stops,In-flight meal not included,19644,>=15000
Multiple carriers,3/03/2019,Delhi,Cochin,DEL ? BOM ? COK,07:05,15:30,8h 25m,1 stop,No info,17057,>=15000
Jet Airways,9/05/2019,Delhi,Cochin,DEL ? JDH ? BOM ? COK,11:40,19:00,7h 20m,2 stops,No info,21219,>=15000
Jet Airways,27/05/2019,Delhi,Cochin,DEL ? AMD ? BOM ? COK,13:25,04:25 28 May,15h,2 stops,No info,16704,>=15000
