Airline,Date_of_Journey,Source,Destination,Route,Dep_Time,Arrival_Time,Duration,Total_Stops,Additional_Info,Price
Air India,1/05/2019,Kolkata,Banglore,CCU ? IXR ? BBI ? BLR,05:50,13:15,7h 25m,2 stops,No info,7662
Multiple carriers,27/05/2019,Delhi,Cochin,DEL ? BOM ? COK,11:25,19:15,7h 50m,1 stop,No info,8625
Air India,1/06/2019,Delhi,Cochin,DEL ? BLR ? COK,09:45,23:00,13h 15m,1 stop,No info,8907
Jet Airways,9/05/2019,Kolkata,Banglore,CCU ? BOM ? BLR,21:10,09:20 10 May,12h 10m,1 stop,In-flight meal not included,9663
Jet Airways,6/05/2019,Kolkata,Banglore,CCU ? BOM ? BLR,18:55,08:15 07 May,13h 20m,1 stop,In-flight meal not included,7757
IndiGo,1/06/2019,Delhi,Cochin,DEL ? LKO ? COK,21:50,03:35 02 Jun,5h 45m,1 stop,No info,8238
GoAir,15/05/2019,Delhi,Cochin,DEL ? BOM ? COK,07:00,12:55,5h 55m,1 stop,No info,7682
Multiple carriers,21/05/2019,Delhi,Cochin,DEL ? HYD ? COK,07:05,18:10,11h 5m,1 stop,No info,9646
Multiple carriers,6/05/2019,Delhi,Cochin,DEL ? BOM ? COK,19:00,01:30 07 May,6h 30m,1 stop,No info,8073
Air India,6/06/2019,Kolkata,Banglore,CCU ? BOM ? BLR,09:25,21:50,12h 25m,1 stop,No info,8366
Multiple carriers,27/05/2019,Delhi,Cochin,DEL ? HYD ? COK,13:15,22:30,9h 15m,1 stop,No info,9646
Jet Airways,18/06/2019,Mumbai,Hyderabad,BOM ? HYD,07:05,08:30,1h 25m,non-stop,No info,8040
Vistara,12/05/2019,Kolkata,Banglore,CCU ? DEL ? BLR,20:20,09:05 13 May,12h 45m,1 stop,No info,9397
Jet Airways,6/05/2019,Kolkata,Banglore,CCU ? BOM ? BLR,20:00,10:05 07 May,14h 5m,1 stop,In-flight meal not included,9663
Multiple carriers,21/05/2019,Delhi,Cochin,DEL ? HYD ? COK,13:05,00:55 22 May,11h 50m,1 stop,No info,9486
Jet Airways,24/05/2019,Kolkata,Banglore,CCU ? BOM ? BLR,20:00,08:15 25 May,12h 15m,1 stop,In-flight meal not included,8586
Jet Airways,1/05/2019,Kolkata,Banglore,CCU ? DEL ? BLR,09:35,14:25 02 May,28h 50m,1 stop,In-flight meal not included,9314
Air India,9/06/2019,Kolkata,Banglore,CCU ? BBI ? BLR,12:00,13:15 10 Jun,25h 15m,1 stop,No info,7662
Air India,18/04/2019,Delhi,Cochin,DEL ? COK,18:05,21:10,3h 5m,non-stop,No info,8246
Jet Airways,6/05/2019,Kolkata,Banglore,CCU ? BOM ? BLR,21:10,09:20 07 May,12h 10m,1 stop,In-flight meal not included,9663
Vistara,21/05/2019,Kolkata,Banglore,CCU ? DEL ? BLR,17:00,18:50 22 May,25h 50m,1 stop,No info,9345
Jet Airways,6/05/2019,Kolkata,Banglore,CCU ? BOM ? BLR,14:05,10:05 07 May,20h,1 stop,In-flight meal not included,9663
Jet Airways,6/05/2019,Kolkata,Banglore,CCU ? BOM ? BLR,20:00,12:00 07 May,16h,1 stop,In-flight meal not included,9663
Jet Airways,27/06/2019,Banglore,Delhi,BLR ? DEL,18:55,22:00,3h 5m,non-stop,No info,8016
Multiple carriers,6/06/2019,Delhi,Cochin,DEL ? HYD ? COK,07:05,16:10,9h 5m,1 stop,No info,9646
Multiple carriers,3/06/2019,Delhi,Cochin,DEL ? BOM ? COK,08:30,19:15,10h 45m,1 stop,No info,7677
Vistara,9/06/2019,Kolkata,Banglore,CCU ? DEL ? BLR,07:10,18:50,11h 40m,1 stop,No info,9555
Air India,12/06/2019,Delhi,Cochin,DEL ? BOM ? COK,09:00,19:15,10h 15m,1 stop,No info,8372
Air India,12/06/2019,Kolkata,Banglore,CCU ? BOM ? BLR,16:50,07:55 13 Jun,15h 5m,1 stop,No info,8366
Air India,1/06/2019,Delhi,Cochin,DEL ? BOM ? COK,07:00,19:15,12h 15m,1 stop,No info,9929
SpiceJet,12/06/2019,Kolkata,Banglore,CCU ? IXB ? BLR,15:55,21:25,5h 30m,1 stop,No info,8224
Jet Airways,12/06/2019,Kolkata,Banglore,CCU ? BOM ? BLR,18:55,19:50 13 Jun,24h 55m,1 stop,In-flight meal not included,8529
Multiple carriers,6/06/2019,Delhi,Cochin,DEL ? BOM ? COK,07:30,19:15,11h 45m,1 stop,No info,9001
Jet Airways,12/06/2019,Kolkata,Banglore,CCU ? BOM ? BLR,06:30,12:00,5h 30m,1 stop,In-flight meal not included,9899
Jet Airways,27/06/2019,Banglore,Delhi,BLR ? DEL,15:15,18:10,2h 55m,non-stop,No info,8016
Air India,9/06/2019,Kolkata,Banglore,CCU ? BBI ? BLR,09:10,13:15,4h 5m,1 stop,No info,8996
Jet Airways,21/06/2019,Banglore,Delhi,BLR ? DEL,17:45,20:45,3h,non-stop,In-flight meal not included,7754
Jet Airways,9/06/2019,Banglore,Delhi,BLR ? DEL,18:55,22:00,3h 5m,non-stop,No info,8016
Air India,15/05/2019,Delhi,Cochin,DEL ? TRV ? COK,05:15,06:50 16 May,25h 35m,1 stop,No info,8425
Multiple carriers,12/06/2019,Delhi,Cochin,DEL ? HYD ? COK,07:05,22:30,15h 25m,1 stop,No info,9646
Multiple carriers,9/05/2019,Delhi,Cochin,DEL ? BOM ? COK,07:30,19:00,11h 30m,1 stop,No info,9315
Vistara,1/05/2019,Kolkata,Banglore,CCU ? DEL ? BLR,07:10,22:40,15h 30m,1 stop,No info,8452
Air India,15/05/2019,Delhi,Cochin,DEL ? BOM ? COK,07:00,19:15,12h 15m,1 stop,No info,8669
Multiple carriers,12/06/2019,Delhi,Cochin,DEL ? BOM ? COK,08:45,19:15,10h 30m,1 stop,No info,8266
Vistara,6/05/2019,Kolkata,Banglore,CCU ? DEL ? BLR,20:20,22:40 07 May,26h 20m,1 stop,No info,8452
Jet Airways,9/06/2019,Kolkata,Banglore,CCU ? BOM ? BLR,18:55,04:40 10 Jun,9h 45m,1 stop,In-flight meal not included,9663
Jet Airways,15/05/2019,Kolkata,Banglore,CCU ? BOM ? BLR,18:55,04:40 16 May,9h 45m,1 stop,In-flight meal not included,9663
Multiple carriers,3/06/2019,Delhi,Cochin,DEL ? BOM ? COK,07:30,19:15,11h 45m,1 stop,No info,9736
Air India,3/06/2019,Delhi,Cochin,DEL ? BOM ? COK,03:50,19:15,15h 25m,1 stop,No info,8669
Jet Airways,12/06/2019,Kolkata,Banglore,CCU ? BOM ? BLR,20:00,12:00 13 Jun,16h,1 stop,In-flight meal not included,8529
Jet Airways,6/05/2019,Kolkata,Banglore,CCU ? BOM ? BLR,14:05,09:20 07 May,19h 15m,1 stop,In-flight meal not included,9663
Vistara,15/05/2019,Kolkata,Banglore,CCU ? DEL ? BLR,20:20,20:20 16 May,24h,1 stop,No info,8610
Air India,6/06/2019,Delhi,Cochin,DEL ? BOM ? COK,13:00,19:15,6h 15m,1 stop,No info,8372
Vistara,21/05/2019,Kolkata,Banglore,CCU ? DEL ? BLR,20:20,18:50 22 May,22h 30m,1 stop,No info,9345
Air India,27/06/2019,Delhi,Cochin,DEL ? HYD ? MAA ? COK,13:15,09:25 28 Jun,20h 10m,2 stops,No info,8839
Multiple carriers,15/05/2019,Delhi,Cochin,DEL ? BOM ? COK,08:30,19:00,10h 30m,1 stop,No info,9627
Jet Airways,9/05/2019,Kolkata,Banglore,CCU ? BOM ? BLR,14:05,18:15 10 May,28h 10m,1 stop,In-flight meal not included,7757
Jet Airways,9/05/2019,Kolkata,Banglore,CCU ? BOM ? BLR,06:30,10:05 10 May,27h 35m,1 stop,In-flight meal not included,8586
Multiple carriers,1/06/2019,Delhi,Cochin,DEL ? BOM ? COK,13:00,01:30 02 Jun,12h 30m,1 stop,No info,7723
Multiple carriers,18/05/2019,Delhi,Cochin,DEL ? BOM ? COK,06:00,19:00,13h,1 stop,No info,9794
Jet Airways,15/05/2019,Kolkata,Banglore,CCU ? BOM ? BLR,20:00,04:40 16 May,8h 40m,1 stop,In-flight meal not included,8586
Multiple carriers,18/05/2019,Delhi,Cochin,DEL ? BOM ? COK,11:40,19:15,7h 35m,1 stop,No info,9211
Jet Airways,1/05/2019,Kolkata,Banglore,CCU ? BOM ? BLR,14:05,12:00 02 May,21h 55m,1 stop,In-flight meal not included,9663
Multiple carriers,1/05/2019,Delhi,Cochin,DEL ? BOM ? COK,19:00,01:30 02 May,6h 30m,1 stop,No info,9424
Jet Airways,12/06/2019,Kolkata,Banglore,CCU ? BOM ? BLR,14:05,23:35,9h 30m,1 stop,In-flight meal not included,9899
Vistara,18/05/2019,Kolkata,Banglore,CCU ? DEL ? BLR,17:00,10:45 19 May,17h 45m,1 stop,No info,9187
Jet Airways,18/05/2019,Kolkata,Banglore,CCU ? BOM ? BLR,21:10,10:05 19 May,12h 55m,1 stop,In-flight meal not included,8586
Multiple carriers,21/05/2019,Delhi,Cochin,DEL ? BOM ? COK,07:00,21:00,14h,1 stop,No info,7888
Jet Airways,9/05/2019,Kolkata,Banglore,CCU ? BOM ? BLR,06:30,04:40 10 May,22h 10m,1 stop,In-flight meal not included,8586
Multiple carriers,1/06/2019,Delhi,Cochin,DEL ? BOM ? COK,08:30,19:15,10h 45m,1 stop,No info,8937
IndiGo,27/05/2019,Delhi,Cochin,DEL ? HYD ? COK,07:35,16:10,8h 35m,1 stop,No info,7514
Air India,9/05/2019,Kolkata,Banglore,CCU ? BOM ? BLR,16:50,18:30 10 May,25h 40m,1 stop,No info,8576
IndiGo,15/05/2019,Delhi,Cochin,DEL ? MAA ? COK,02:00,07:25,5h 25m,1 stop,No info,8618
Air India,27/05/2019,Delhi,Cochin,DEL ? BLR ? COK,09:45,23:00,13h 15m,1 stop,No info,8907
Jet Airways,6/05/2019,Kolkata,Banglore,CCU ? BOM ? BLR,21:10,12:00 07 May,14h 50m,1 stop,In-flight meal not included,9663
Jet Airways,27/06/2019,Mumbai,Hyderabad,BOM ? HYD,10:20,11:50,1h 30m,non-stop,No info,8040
Air India,1/06/2019,Delhi,Cochin,DEL ? BOM ? COK,21:00,19:15 02 Jun,22h 15m,1 stop,No info,8582
Air Asia,9/06/2019,Delhi,Cochin,DEL ? BLR ? COK,07:55,13:25,5h 30m,1 stop,No info,8759
Air India,18/05/2019,Delhi,Cochin,DEL ? BOM ? COK,03:50,19:15,15h 25m,1 stop,No info,8879
Vistara,6/06/2019,Kolkata,Banglore,CCU ? DEL ? BLR,20:20,23:25 07 Jun,27h 5m,1 stop,No info,9345
Vistara,9/05/2019,Kolkata,Banglore,CCU ? DEL ? BLR,07:10,23:25,16h 15m,1 stop,No info,8085
Multiple carriers,1/06/2019,Delhi,Cochin,DEL ? BOM ? COK,06:40,19:15,12h 35m,1 stop,No info,8937
Vistara,12/06/2019,Kolkata,Banglore,CCU ? DEL ? BLR,20:20,09:05 13 Jun,12h 45m,1 stop,No info,7927
Multiple carriers,18/05/2019,Delhi,Cochin,DEL ? BOM ? COK,10:00,21:00,11h,1 stop,In-flight meal not included,9275
Jet Airways,12/06/2019,Kolkata,Banglore,CCU ? BOM ? BLR,18:55,20:45 13 Jun,25h 50m,1 stop,In-flight meal not included,8529
Jet Airways,21/06/2019,Banglore,Delhi,BLR ? DEL,15:15,18:10,2h 55m,non-stop,No info,8016
Vistara,21/05/2019,Kolkata,Banglore,CCU ? DEL ? BLR,20:20,22:40 22 May,26h 20m,1 stop,No info,8452
Multiple carriers,9/05/2019,Delhi,Cochin,DEL ? BOM ? COK,08:30,19:00,10h 30m,1 stop,No info,9627
Multiple carriers,9/05/2019,Delhi,Cochin,DEL ? BOM ? COK,11:25,19:00,7h 35m,1 stop,No info,9103
Multiple carriers,6/06/2019,Delhi,Cochin,DEL ? HYD ? COK,09:45,16:10,6h 25m,1 stop,No info,9646
IndiGo,9/05/2019,Delhi,Cochin,DEL ? BOM ? COK,18:35,01:30 10 May,6h 55m,1 stop,No info,8542
Jet Airways,1/05/2019,Kolkata,Banglore,CCU ? BOM ? BLR,20:00,10:05 02 May,14h 5m,1 stop,In-flight meal not included,8586
Air India,18/05/2019,Delhi,Cochin,DEL ? BLR ? COK,17:40,23:00,5h 20m,1 stop,No info,8277
Air India,9/05/2019,Delhi,Cochin,DEL ? HYD ? MAA ? COK,07:05,09:25 10 May,26h 20m,2 stops,No info,9347
Jet Airways,3/06/2019,Banglore,Delhi,BLR ? DEL,15:15,18:10,2h 55m,non-stop,No info,8016
Multiple carriers,9/05/2019,Delhi,Cochin,DEL ? BOM ? COK,07:30,19:00,11h 30m,1 stop,No info,9794
Multiple carriers,24/06/2019,Delhi,Cochin,DEL ? HYD ? COK,09:45,16:10,6h 25m,1 stop,No info,9646
Multiple carriers,9/05/2019,Delhi,Cochin,DEL ? BOM ? COK,08:00,19:15,11h 15m,1 stop,In-flight meal not included,9871
IndiGo,27/05/2019,Delhi,Cochin,DEL ? PNQ ? COK,23:30,04:35 28 May,5h 5m,1 stop,No info,9476
Vistara,6/06/2019,Kolkata,Banglore,CCU ? DEL ? BLR,17:00,10:45 07 Jun,17h 45m,1 stop,No info,9187
Vistara,12/05/2019,Kolkata,Banglore,CCU ? DEL ? BLR,17:00,18:50 13 May,25h 50m,1 stop,No info,9135
Multiple carriers,27/05/2019,Delhi,Cochin,DEL ? BOM ? COK,07:30,19:00,11h 30m,1 stop,No info,9315
Jet Airways,24/05/2019,Kolkata,Banglore,CCU ? BOM ? BLR,21:10,04:40 25 May,7h 30m,1 stop,In-flight meal not included,9663
Jet Airways,24/06/2019,Banglore,Delhi,BLR ? DEL,07:10,10:10,3h,non-stop,No info,8016
Multiple carriers,15/06/2019,Delhi,Cochin,DEL ? HYD ? COK,13:15,22:30,9h 15m,1 stop,No info,8018
Jet Airways,9/05/2019,Kolkata,Banglore,CCU ? BOM ? BLR,20:00,08:15 10 May,12h 15m,1 stop,In-flight meal not included,7757
Vistara,24/05/2019,Kolkata,Banglore,CCU ? DEL ? BLR,07:10,18:50,11h 40m,1 stop,No info,9555
Jet Airways,6/05/2019,Kolkata,Banglore,CCU ? DEL ? BLR,20:25,09:45 07 May,13h 20m,1 stop,In-flight meal not included,8066
Jet Airways,6/05/2019,Kolkata,Banglore,CCU ? BOM ? BLR,21:10,10:05 07 May,12h 55m,1 stop,In-flight meal not included,7757
Vistara,24/05/2019,Kolkata,Banglore,CCU ? DEL ? BLR,20:20,10:45 25 May,14h 25m,1 stop,No info,9187
Jet Airways,6/05/2019,Kolkata,Banglore,CCU ? DEL ? BLR,17:00,09:45 07 May,16h 45m,1 stop,In-flight meal not included,8066
Jet Airways,18/05/2019,Kolkata,Banglore,CCU ? BOM ? BLR,18:55,04:40 19 May,9h 45m,1 stop,In-flight meal not included,8586
Multiple carriers,3/06/2019,Delhi,Cochin,DEL ? BOM ? COK,09:15,19:15,10h,1 stop,No info,8099
Multiple carriers,27/05/2019,Delhi,Cochin,DEL ? BOM ? COK,06:00,21:00,15h,1 stop,No info,8475
Vistara,21/05/2019,Kolkata,Banglore,CCU ? DEL ? BLR,07:10,09:05 22 May,25h 55m,1 stop,No info,8452
Jet Airways,21/06/2019,Banglore,Delhi,BLR ? DEL,11:10,14:05,2h 55m,non-stop,No info,8016
Jet Airways,12/05/2019,Kolkata,Banglore,CCU ? BOM ? BLR,21:10,12:00 13 May,14h 50m,1 stop,In-flight meal not included,9663
Jet Airways,9/05/2019,Kolkata,Banglore,CCU ? BOM ? BLR,16:30,09:20 10 May,16h 50m,1 stop,In-flight meal not included,9663
IndiGo,24/05/2019,Delhi,Cochin,DEL ? BOM ? COK,18:35,01:30 25 May,6h 55m,1 stop,No info,7503
Multiple carriers,6/06/2019,Delhi,Cochin,DEL ? BOM ? COK,10:00,01:30 07 Jun,15h 30m,1 stop,No info,7723
Jet Airways,1/05/2019,Kolkata,Banglore,CCU ? BOM ? BLR,08:25,12:00 02 May,27h 35m,1 stop,In-flight meal not included,9663
Jet Airways,1/05/2019,Kolkata,Banglore,CCU ? BOM ? BLR,20:00,12:00 02 May,16h,1 stop,In-flight meal not included,9663
Multiple carriers,15/05/2019,Delhi,Cochin,DEL ? BOM ? COK,06:40,19:15,12h 35m,1 stop,No info,7787
Multiple carriers,18/05/2019,Delhi,Cochin,DEL ? HYD ? COK,09:45,16:10,6h 25m,1 stop,No info,9646
Air India,9/05/2019,Kolkata,Banglore,CCU ? BBI ? BOM ? BLR,12:00,07:55 10 May,19h 55m,2 stops,No info,9416
Multiple carriers,1/06/2019,Delhi,Cochin,DEL ? BOM ? COK,09:15,19:15,10h,1 stop,No info,9779
Air India,21/05/2019,Delhi,Cochin,DEL ? BLR ? COK,17:40,23:00,5h 20m,1 stop,No info,8067
Vistara,6/05/2019,Kolkata,Banglore,CCU ? DEL ? BLR,07:10,22:40,15h 30m,1 stop,No info,8452
Jet Airways,24/05/2019,Kolkata,Banglore,CCU ? BOM ? BLR,14:05,04:40 25 May,14h 35m,1 stop,In-flight meal not included,8586
Jet Airways,12/05/2019,Kolkata,Banglore,CCU ? BOM ? BLR,06:30,08:15 13 May,25h 45m,1 stop,In-flight meal not included,8586
Multiple carriers,3/06/2019,Delhi,Cochin,DEL ? BOM ? COK,10:00,21:00,11h,1 stop,No info,9718
GoAir,15/05/2019,Kolkata,Banglore,CCU ? AMD ? BLR,16:40,00:15 16 May,7h 35m,1 stop,No info,7831
Vistara,6/05/2019,Kolkata,Banglore,CCU ? DEL ? BLR,07:10,23:25,16h 15m,1 stop,No info,8085
Vistara,15/05/2019,Kolkata,Banglore,CCU ? DEL ? BLR,20:20,10:45 16 May,14h 25m,1 stop,No info,8452
Air Asia,1/06/2019,Delhi,Cochin,DEL ? BLR ? COK,07:55,13:25,5h 30m,1 stop,No info,9330
Multiple carriers,9/05/2019,Delhi,Cochin,DEL ? BOM ? COK,10:35,19:15,8h 40m,1 stop,No info,7575
Jet Airways,9/06/2019,Banglore,Delhi,BLR ? DEL,06:00,08:45,2h 45m,non-stop,No info,8016
Jet Airways,12/05/2019,Kolkata,Banglore,CCU ? BOM ? BLR,16:30,09:20 13 May,16h 50m,1 stop,In-flight meal not included,9663
Jet Airways,6/05/2019,Kolkata,Banglore,CCU ? BOM ? BLR,16:30,19:50 07 May,27h 20m,1 stop,In-flight meal not included,9663
Multiple carriers,15/05/2019,Delhi,Cochin,DEL ? BOM ? COK,08:45,19:15,10h 30m,1 stop,No info,8266
Multiple carriers,15/05/2019,Delhi,Cochin,DEL ? BOM ? COK,12:50,21:00,8h 10m,1 stop,No info,7670
Air India,18/05/2019,Delhi,Cochin,DEL ? BLR ? COK,17:40,08:15 19 May,14h 35m,1 stop,No info,8361
Multiple carriers,27/05/2019,Delhi,Cochin,DEL ? BOM ? COK,09:15,19:15,10h,1 stop,No info,9149
Multiple carriers,18/05/2019,Delhi,Cochin,DEL ? BOM ? COK,08:00,21:00,13h,1 stop,No info,8073
Air India,15/05/2019,Kolkata,Banglore,CCU ? BBI ? BOM ? BLR,12:00,07:55 16 May,19h 55m,2 stops,No info,9941
Air India,15/06/2019,Delhi,Cochin,DEL ? BLR ? COK,06:10,23:00,16h 50m,1 stop,No info,8907
Vistara,24/05/2019,Kolkata,Banglore,CCU ? DEL ? BLR,07:10,09:05 25 May,25h 55m,1 stop,No info,9502
IndiGo,24/06/2019,Delhi,Cochin,DEL ? PNQ ? COK,23:30,04:35 25 Jun,5h 5m,1 stop,No info,9165
Jet Airways,21/06/2019,Banglore,Delhi,BLR ? DEL,06:00,08:45,2h 45m,non-stop,No info,8016
Multiple carriers,9/05/2019,Delhi,Cochin,DEL ? BOM ? COK,10:20,01:30 10 May,15h 10m,1 stop,No info,9021
Multiple carriers,12/06/2019,Delhi,Cochin,DEL ? HYD ? COK,07:05,16:10,9h 5m,1 stop,No info,9646
Air India,21/05/2019,Delhi,Cochin,DEL ? BOM ? COK,09:00,19:15,10h 15m,1 stop,No info,8372
Jet Airways,12/06/2019,Kolkata,Banglore,CCU ? BOM ? BLR,18:55,10:05 13 Jun,15h 10m,1 stop,In-flight meal not included,8529
Jet Airways,6/06/2019,Mumbai,Hyderabad,BOM ? HYD,10:20,11:50,1h 30m,non-stop,No info,8040
Vistara,6/05/2019,Kolkata,Banglore,CCU ? DEL ? BLR,07:10,18:50,11h 40m,1 stop,No info,8610
Multiple carriers,3/06/2019,Delhi,Cochin,DEL ? BOM ? COK,12:50,19:15,6h 25m,1 stop,No info,9001
Multiple carriers,18/05/2019,Delhi,Cochin,DEL ? BOM ? COK,10:20,01:30 19 May,15h 10m,1 stop,No info,7670
Multiple carriers,3/06/2019,Delhi,Cochin,DEL ? BOM ? COK,17:45,01:30 04 Jun,7h 45m,1 stop,No info,7530
IndiGo,1/05/2019,Kolkata,Banglore,CCU ? PAT ? BLR,09:20,14:15,4h 55m,1 stop,No info,8443
Vistara,18/05/2019,Kolkata,Banglore,CCU ? DEL ? BLR,20:20,23:25 19 May,27h 5m,1 stop,No info,9345
Jet Airways,9/05/2019,Kolkata,Banglore,CCU ? BOM ? BLR,21:10,10:05 10 May,12h 55m,1 stop,In-flight meal not included,9663
Jet Airways,12/06/2019,Kolkata,Banglore,CCU ? BOM ? BLR,18:55,22:35 13 Jun,27h 40m,1 stop,In-flight meal not included,8529
Air India,6/06/2019,Delhi,Cochin,DEL ? BOM ? COK,10:00,19:15,9h 15m,1 stop,No info,9194
Multiple carriers,21/05/2019,Delhi,Cochin,DEL ? BOM ? COK,17:00,01:30 22 May,8h 30m,1 stop,No info,7888
Jet Airways,21/06/2019,Banglore,Delhi,BLR ? DEL,19:50,22:50,3h,non-stop,In-flight meal not included,7754
Multiple carriers,15/05/2019,Delhi,Cochin,DEL ? BOM ? COK,10:20,19:15,8h 55m,1 stop,No info,8266
Jet Airways,12/05/2019,Kolkata,Banglore,CCU ? BOM ? BLR,18:55,10:05 13 May,15h 10m,1 stop,In-flight meal not included,9663
Air India,1/05/2019,Kolkata,Banglore,CCU ? BOM ? BLR,16:50,07:55 02 May,15h 5m,1 stop,No info,8366
Air India,12/06/2019,Delhi,Cochin,DEL ? AMD ? BOM ? COK,05:00,19:15 13 Jun,38h 15m,2 stops,No info,9443
Jet Airways,12/06/2019,Kolkata,Banglore,CCU ? BOM ? BLR,06:30,16:20,9h 50m,1 stop,In-flight meal not included,9899
Jet Airways,15/05/2019,Kolkata,Banglore,CCU ? BOM ? BLR,18:55,10:05 16 May,15h 10m,1 stop,In-flight meal not included,9663
Multiple carriers,3/06/2019,Delhi,Cochin,DEL ? BOM ? COK,12:50,01:30 04 Jun,12h 40m,1 stop,No info,7530
Jet Airways,15/05/2019,Kolkata,Banglore,CCU ? BOM ? BLR,21:10,04:40 16 May,7h 30m,1 stop,In-flight meal not included,9663
Jet Airways,1/05/2019,Kolkata,Banglore,CCU ? BOM ? BLR,18:55,12:00 02 May,17h 5m,1 stop,In-flight meal not included,9663
Jet Airways,12/06/2019,Banglore,Delhi,BLR ? DEL,08:20,11:20,3h,non-stop,No info,8016
Air Asia,9/06/2019,Kolkata,Banglore,CCU ? IXR ? DEL ? BLR,15:10,23:30,8h 20m,2 stops,No info,7870
Jet Airways,18/06/2019,Banglore,Delhi,BLR ? DEL,18:55,22:00,3h 5m,non-stop,No info,8016
Air India,15/06/2019,Delhi,Cochin,DEL ? BOM ? COK,21:00,07:40 16 Jun,10h 40m,1 stop,No info,8372
Multiple carriers,9/05/2019,Delhi,Cochin,DEL ? BOM ? COK,06:00,19:15,13h 15m,1 stop,No info,8266
Air India,15/06/2019,Delhi,Cochin,DEL ? AMD ? BOM ? COK,19:45,19:15 16 Jun,23h 30m,2 stops,No info,9653
Jet Airways,12/06/2019,Kolkata,Banglore,CCU ? BOM ? BLR,08:25,20:45,12h 20m,1 stop,In-flight meal not included,9899
Multiple carriers,15/05/2019,Delhi,Cochin,DEL ? BOM ? COK,10:35,19:15,8h 40m,1 stop,No info,7575
Jet Airways,27/06/2019,Banglore,Delhi,BLR ? DEL,11:10,14:05,2h 55m,non-stop,No info,8016
Multiple carriers,27/05/2019,Delhi,Cochin,DEL ? BOM ? COK,10:35,19:15,8h 40m,1 stop,No info,8625
Jet Airways,6/06/2019,Banglore,Delhi,BLR ? DEL,11:10,14:05,2h 55m,non-stop,No info,8016
Air India,9/05/2019,Kolkata,Banglore,CCU ? BOM ? BLR,09:25,18:30,9h 5m,1 stop,No info,8891
Jet Airways,9/05/2019,Kolkata,Banglore,CCU ? BOM ? BLR,14:05,10:05 10 May,20h,1 stop,In-flight meal not included,7757
Air India,24/05/2019,Kolkata,Banglore,CCU ? BOM ? BLR,09:25,18:30,9h 5m,1 stop,No info,8576
IndiGo,18/05/2019,Delhi,Cochin,DEL ? BOM ? COK,09:15,01:30 19 May,16h 15m,1 stop,No info,7503
Air India,15/05/2019,Delhi,Cochin,DEL ? BOM ? COK,13:00,19:15,6h 15m,1 stop,No info,8372
Jet Airways,24/06/2019,Banglore,Delhi,BLR ? DEL,19:50,22:50,3h,non-stop,No info,8016
Air India,24/06/2019,Delhi,Cochin,DEL ? BOM ? COK,07:00,19:15,12h 15m,1 stop,No info,8879
Jet Airways,9/06/2019,Kolkata,Banglore,CCU ? BOM ? BLR,06:30,04:40 10 Jun,22h 10m,1 stop,In-flight meal not included,9663
Jet Airways,15/06/2019,Delhi,Cochin,DEL ? IDR ? BOM ? COK,21:25,12:35 16 Jun,15h 10m,2 stops,In-flight meal not included,9905
Multiple carriers,24/06/2019,Delhi,Cochin,DEL ? BOM ? COK,06:00,21:00,15h,1 stop,No info,7740
Multiple carriers,21/05/2019,Delhi,Cochin,DEL ? BOM ? COK,06:00,12:35,6h 35m,1 stop,No info,9794
Multiple carriers,27/06/2019,Delhi,Cochin,DEL ? BOM ? COK,07:30,19:15,11h 45m,1 stop,No info,8266
Air India,24/05/2019,Banglore,Delhi,BLR ? DEL,06:10,08:55,2h 45m,non-stop,No info,8273
Multiple carriers,15/06/2019,Delhi,Cochin,DEL ? BOM ? COK,10:00,01:30 16 Jun,15h 30m,1 stop,No info,8510
Air India,6/06/2019,Delhi,Cochin,DEL ? JAI ? BOM ? COK,12:00,07:40 07 Jun,19h 40m,2 stops,No info,8603
Air India,6/06/2019,Delhi,Cochin,DEL ? JAI ? BOM ? COK,12:00,19:15,7h 15m,2 stops,No info,8603
SpiceJet,9/06/2019,Kolkata,Banglore,CCU ? KNU ? BLR,11:35,18:50,7h 15m,1 stop,No info,8479
Vistara,9/06/2019,Kolkata,Banglore,CCU ? DEL ? BLR,07:10,09:05 10 Jun,25h 55m,1 stop,No info,9397
Jet Airways,21/05/2019,Kolkata,Banglore,CCU ? DEL ? BLR,09:35,14:25 22 May,28h 50m,1 stop,In-flight meal not included,9314
Air India,12/06/2019,Delhi,Cochin,DEL ? AMD ? BOM ? COK,16:40,19:15 13 Jun,26h 35m,2 stops,No info,9443
Jet Airways,27/06/2019,Banglore,Delhi,BLR ? DEL,08:20,11:20,3h,non-stop,No info,8016
Jet Airways,1/06/2019,Banglore,Delhi,BLR ? DEL,19:50,22:50,3h,non-stop,No info,8016
Vistara,9/05/2019,Kolkata,Banglore,CCU ? DEL ? BLR,07:10,22:40,15h 30m,1 stop,No info,7927
Jet Airways,6/05/2019,Kolkata,Banglore,CCU ? DEL ? BLR,17:00,18:00 07 May,25h,1 stop,In-flight meal not included,9314
Air India,18/05/2019,Delhi,Cochin,DEL ? BOM ? COK,23:00,07:40 19 May,8h 40m,1 stop,No info,8372
Multiple carriers,9/05/2019,Delhi,Cochin,DEL ? BOM ? COK,08:45,19:15,10h 30m,1 stop,No info,8266
Air India,9/05/2019,Kolkata,Banglore,CCU ? BOM ? BLR,09:25,07:55 10 May,22h 30m,1 stop,No info,8366
Vistara,6/06/2019,Kolkata,Banglore,CCU ? DEL ? BLR,07:10,09:05 07 Jun,25h 55m,1 stop,No info,8452
Multiple carriers,15/06/2019,Delhi,Cochin,DEL ? HYD ? COK,07:05,22:30,15h 25m,1 stop,No info,9646
Air India,24/05/2019,Kolkata,Banglore,CCU ? IXR ? BBI ? BLR,05:50,13:15,7h 25m,2 stops,No info,7662
Jet Airways,9/05/2019,Kolkata,Banglore,CCU ? BOM ? BLR,14:05,04:40 10 May,14h 35m,1 stop,In-flight meal not included,8586
Jet Airways,12/06/2019,Kolkata,Banglore,CCU ? BOM ? BLR,08:25,18:15,9h 50m,1 stop,In-flight meal not included,9899
Jet Airways,15/05/2019,Kolkata,Banglore,CCU ? DEL ? BLR,09:35,14:25 16 May,28h 50m,1 stop,In-flight meal not included,9314
Jet Airways,21/05/2019,Kolkata,Banglore,CCU ? BOM ? BLR,08:25,08:15 22 May,23h 50m,1 stop,In-flight meal not included,8586
Multiple carriers,27/05/2019,Delhi,Cochin,DEL ? BOM ? COK,10:00,21:00,11h,1 stop,No info,9718
Jet Airways,21/05/2019,Kolkata,Banglore,CCU ? GAU ? BLR,10:20,17:35,7h 15m,1 stop,No info,8355
Air India,12/05/2019,Kolkata,Banglore,CCU ? BOM ? BLR,09:25,18:30,9h 5m,1 stop,No info,8576
Multiple carriers,12/06/2019,Delhi,Cochin,DEL ? BOM ? COK,11:40,19:15,7h 35m,1 stop,No info,8266
Jet Airways,24/05/2019,Kolkata,Banglore,CCU ? BOM ? BLR,16:30,09:20 25 May,16h 50m,1 stop,In-flight meal not included,9663
Jet Airways,21/05/2019,Mumbai,Hyderabad,BOM ? HYD,07:05,08:30,1h 25m,non-stop,No info,8040
Jet Airways,1/06/2019,Banglore,Delhi,BLR ? DEL,07:10,10:10,3h,non-stop,No info,8016
IndiGo,9/05/2019,Delhi,Cochin,DEL ? PNQ ? COK,23:30,04:35 10 May,5h 5m,1 stop,No info,8177
Air India,27/05/2019,Delhi,Cochin,DEL ? BOM ? COK,13:00,19:15,6h 15m,1 stop,No info,9719
Jet Airways,24/05/2019,Mumbai,Hyderabad,BOM ? HYD,10:20,11:50,1h 30m,non-stop,No info,8040
Air India,6/06/2019,Kolkata,Banglore,CCU ? GAU ? BLR,16:45,21:05 07 Jun,28h 20m,1 stop,No info,7662
Multiple carriers,15/05/2019,Delhi,Cochin,DEL ? BOM ? COK,08:30,19:15,10h 45m,1 stop,No info,8099
Air India,21/05/2019,Kolkata,Banglore,CCU ? BOM ? BLR,09:25,18:30,9h 5m,1 stop,No info,8366
Jet Airways,21/05/2019,Kolkata,Banglore,CCU ? BOM ? BLR,21:10,04:40 22 May,7h 30m,1 stop,In-flight meal not included,8586
Jet Airways,6/05/2019,Kolkata,Banglore,CCU ? DEL ? BLR,09:35,09:45 07 May,24h 10m,1 stop,In-flight meal not included,8066
Jet Airways,15/05/2019,Kolkata,Banglore,CCU ? BOM ? BLR,18:55,09:20 16 May,14h 25m,1 stop,In-flight meal not included,9663
Air India,27/06/2019,Delhi,Cochin,DEL ? JAI ? BOM ? COK,12:00,19:15,7h 15m,2 stops,No info,8603
Multiple carriers,15/05/2019,Delhi,Cochin,DEL ? HYD ? COK,07:05,22:30,15h 25m,1 stop,No info,9646
Jet Airways,6/06/2019,Kolkata,Banglore,CCU ? GAU ? BLR,10:20,17:35,7h 15m,1 stop,In-flight meal not included,9689
Vistara,18/05/2019,Kolkata,Banglore,CCU ? DEL ? BLR,07:10,22:40,15h 30m,1 stop,No info,9187
Multiple carriers,18/05/2019,Delhi,Cochin,DEL ? HYD ? COK,07:10,22:30,15h 20m,1 stop,No info,7740
IndiGo,15/05/2019,Delhi,Cochin,DEL ? BOM ? COK,08:30,21:00,12h 30m,1 stop,No info,7503
Jet Airways,9/05/2019,Kolkata,Banglore,CCU ? BOM ? BLR,21:10,08:15 10 May,11h 5m,1 stop,In-flight meal not included,9663
Multiple carriers,3/06/2019,Delhi,Cochin,DEL ? BOM ? COK,06:00,19:15,13h 15m,1 stop,No info,9736
Jet Airways,6/05/2019,Kolkata,Banglore,CCU ? BOM ? BLR,16:30,04:40 07 May,12h 10m,1 stop,In-flight meal not included,8586
Air India,6/06/2019,Delhi,Cochin,DEL ? BLR ? COK,13:30,23:00,9h 30m,1 stop,No info,8907
Multiple carriers,15/05/2019,Delhi,Cochin,DEL ? BOM ? COK,09:15,19:15,10h,1 stop,No info,8099
Air India,24/06/2019,Delhi,Cochin,DEL ? JAI ? BOM ? COK,12:00,07:40 25 Jun,19h 40m,2 stops,No info,9548
Vistara,1/05/2019,Kolkata,Banglore,CCU ? DEL ? BLR,07:10,10:45 02 May,27h 35m,1 stop,No info,9187
Multiple carriers,15/05/2019,Delhi,Cochin,DEL ? BOM ? COK,04:55,12:35,7h 40m,1 stop,No info,9103
Vistara,12/06/2019,Kolkata,Banglore,CCU ? DEL ? BLR,07:10,20:20,13h 10m,1 stop,No info,8610
Multiple carriers,9/05/2019,Delhi,Cochin,DEL ? BOM ? COK,13:00,21:00,8h,1 stop,No info,8073
Jet Airways,21/06/2019,Banglore,Delhi,BLR ? DEL,17:45,20:45,3h,non-stop,No info,8541
Air India,24/06/2019,Delhi,Cochin,DEL ? BOM ? COK,03:50,19:15,15h 25m,1 stop,No info,8669
Multiple carriers,18/05/2019,Delhi,Cochin,DEL ? BOM ? COK,06:00,19:15,13h 15m,1 stop,No info,8476
Air India,21/05/2019,Delhi,Cochin,DEL ? JAI ? BOM ? COK,12:00,07:40 22 May,19h 40m,2 stops,No info,9653
Vistara,9/06/2019,Kolkata,Banglore,CCU ? DEL ? BLR,17:00,20:20 10 Jun,27h 20m,1 stop,No info,8610
Multiple carriers,9/05/2019,Delhi,Cochin,DEL ? BOM ? COK,04:55,19:00,14h 5m,1 stop,No info,9103
SpiceJet,1/05/2019,Kolkata,Banglore,CCU ? IXB ? BLR,15:55,21:25,5h 30m,1 stop,No info,8844
Air India,12/06/2019,Delhi,Cochin,DEL ? BOM ? COK,21:00,07:40 13 Jun,10h 40m,1 stop,No info,8372
Vistara,9/05/2019,Kolkata,Banglore,CCU ? DEL ? BLR,17:00,20:20 10 May,27h 20m,1 stop,No info,9555
Jet Airways,9/05/2019,Kolkata,Banglore,CCU ? BOM ? BLR,16:30,10:05 10 May,17h 35m,1 stop,In-flight meal not included,8586
Vistara,12/06/2019,Kolkata,Banglore,CCU ? DEL ? BLR,20:20,18:50 13 Jun,22h 30m,1 stop,No info,8610
Air India,1/05/2019,Kolkata,Banglore,CCU ? BOM ? BLR,09:25,07:55 02 May,22h 30m,1 stop,No info,8366
Vistara,1/05/2019,Kolkata,Banglore,CCU ? DEL ? BLR,20:20,23:25 02 May,27h 5m,1 stop,No info,8085
Jet Airways,12/05/2019,Kolkata,Banglore,CCU ? BOM ? BLR,08:25,09:20 13 May,24h 55m,1 stop,In-flight meal not included,9663
Multiple carriers,18/05/2019,Delhi,Cochin,DEL ? BOM ? COK,12:50,01:30 19 May,12h 40m,1 stop,No info,7670
Multiple carriers,21/05/2019,Delhi,Cochin,DEL ? BOM ? COK,09:15,19:15,10h,1 stop,No info,8099
Jet Airways,9/05/2019,Delhi,Cochin,DEL ? COK,11:00,14:15,3h 15m,non-stop,No info,9564
Multiple carriers,21/05/2019,Delhi,Cochin,DEL ? BOM ? COK,04:55,19:15,14h 20m,1 stop,No info,7575
Multiple carriers,27/05/2019,Delhi,Cochin,DEL ? HYD ? COK,07:10,22:30,15h 20m,1 stop,No info,7878
Air India,24/05/2019,Delhi,Cochin,DEL ? BOM ? COK,07:00,19:15,12h 15m,1 stop,No info,9929
Air India,15/06/2019,Delhi,Cochin,DEL ? AMD ? BOM ? COK,19:45,19:15 16 Jun,23h 30m,2 stops,No info,9653
Vistara,12/06/2019,Kolkata,Banglore,CCU ? DEL ? BLR,20:20,22:40 13 Jun,26h 20m,1 stop,No info,7927
Vistara,6/06/2019,Kolkata,Banglore,CCU ? DEL ? BLR,17:00,20:20 07 Jun,27h 20m,1 stop,No info,8820
Multiple carriers,1/06/2019,Delhi,Cochin,DEL ? BOM ? COK,13:00,21:00,8h,1 stop,No info,7933
Air India,18/05/2019,Delhi,Cochin,DEL ? BOM ? COK,08:00,19:15,11h 15m,1 stop,No info,8879
Vistara,6/05/2019,Kolkata,Banglore,CCU ? DEL ? BLR,17:00,09:05 07 May,16h 5m,1 stop,No info,8137
Jet Airways,1/06/2019,Banglore,Delhi,BLR ? DEL,08:20,11:20,3h,non-stop,No info,8016
Multiple carriers,6/06/2019,Delhi,Cochin,DEL ? BOM ? COK,19:00,01:30 07 Jun,6h 30m,1 stop,No info,7530
Multiple carriers,9/05/2019,Delhi,Cochin,DEL ? BOM ? COK,10:20,19:00,8h 40m,1 stop,No info,9794
Multiple carriers,3/06/2019,Delhi,Cochin,DEL ? HYD ? COK,09:45,22:30,12h 45m,1 stop,No info,9646
IndiGo,15/05/2019,Delhi,Cochin,DEL ? BOM ? COK,16:00,01:30 16 May,9h 30m,1 stop,No info,7923
Jet Airways,12/05/2019,Kolkata,Banglore,CCU ? BOM ? BLR,20:00,04:40 13 May,8h 40m,1 stop,In-flight meal not included,8586
Multiple carriers,3/06/2019,Delhi,Cochin,DEL ? HYD ? COK,13:15,22:30,9h 15m,1 stop,No info,9646
Air India,1/06/2019,Delhi,Cochin,DEL ? BOM ? COK,10:00,19:15,9h 15m,1 stop,No info,9929
Jet Airways,6/06/2019,Kolkata,Banglore,CCU ? BOM ? BLR,18:55,04:40 07 Jun,9h 45m,1 stop,In-flight meal not included,7757
Jet Airways,18/05/2019,Kolkata,Banglore,CCU ? GAU ? BLR,11:50,17:35,5h 45m,1 stop,No info,8781
SpiceJet,24/05/2019,Kolkata,Banglore,CCU ? IXB ? BLR,11:15,18:30,7h 15m,1 stop,No info,9630
Vistara,9/05/2019,Kolkata,Banglore,CCU ? DEL ? BLR,07:10,18:50,11h 40m,1 stop,No info,8610
Vistara,15/05/2019,Kolkata,Banglore,CCU ? DEL ? BLR,20:20,09:05 16 May,12h 45m,1 stop,No info,8452
Air India,24/06/2019,Delhi,Cochin,DEL ? HYD ? MAA ? COK,13:15,09:25 25 Jun,20h 10m,2 stops,No info,8839
Air India,1/05/2019,Kolkata,Banglore,CCU ? BOM ? BLR,09:25,18:30,9h 5m,1 stop,No info,8891
Jet Airways,24/05/2019,Kolkata,Banglore,CCU ? BOM ? BLR,18:55,04:40 25 May,9h 45m,1 stop,In-flight meal not included,8586
Vistara,9/05/2019,Kolkata,Banglore,CCU ? DEL ? BLR,17:00,18:50 10 May,25h 50m,1 stop,No info,8820
Vistara,9/06/2019,Kolkata,Banglore,CCU ? DEL ? BLR,20:20,23:25 10 Jun,27h 5m,1 stop,No info,8085
Jet Airways,18/05/2019,Kolkata,Banglore,CCU ? BOM ? BLR,14:05,12:00 19 May,21h 55m,1 stop,In-flight meal not included,9663
Jet Airways,12/06/2019,Kolkata,Banglore,CCU ? BOM ? BLR,16:30,09:20 13 Jun,16h 50m,1 stop,In-flight meal not included,8529
Multiple carriers,18/05/2019,Delhi,Cochin,DEL ? BOM ? COK,08:45,21:00,12h 15m,1 stop,No info,7670
Multiple carriers,18/05/2019,Delhi,Cochin,DEL ? BOM ? COK,10:35,19:00,8h 25m,1 stop,No info,9627
Jet Airways,21/06/2019,Mumbai,Hyderabad,BOM ? HYD,07:05,08:30,1h 25m,non-stop,No info,8040
Jet Airways,12/06/2019,Kolkata,Banglore,CCU ? BOM ? BLR,20:00,16:20 13 Jun,20h 20m,1 stop,In-flight meal not included,8529
Jet Airways,15/05/2019,Kolkata,Banglore,CCU ? BOM ? BLR,06:30,12:00,5h 30m,1 stop,In-flight meal not included,9663
Multiple carriers,18/05/2019,Delhi,Cochin,DEL ? BOM ? COK,18:00,01:30 19 May,7h 30m,1 stop,No info,9595
Jet Airways,6/05/2019,Kolkata,Banglore,CCU ? BOM ? BLR,14:05,04:40 07 May,14h 35m,1 stop,In-flight meal not included,9663
Multiple carriers,21/05/2019,Delhi,Cochin,DEL ? BOM ? COK,10:35,19:15,8h 40m,1 stop,No info,7575
Air India,21/05/2019,Delhi,Cochin,DEL ? AMD ? BOM ? COK,19:45,19:15 22 May,23h 30m,2 stops,No info,9443
Air India,24/06/2019,Delhi,Cochin,DEL ? BOM ? COK,19:00,07:40 25 Jun,12h 40m,1 stop,No info,8372
Multiple carriers,9/06/2019,Delhi,Cochin,DEL ? BOM ? COK,19:00,01:30 10 Jun,6h 30m,1 stop,No info,7530
Jet Airways,12/05/2019,Kolkata,Banglore,CCU ? GAU ? BLR,10:20,17:35,7h 15m,1 stop,No info,9358
Air India,6/05/2019,Kolkata,Banglore,CCU ? BOM ? BLR,09:25,07:55 07 May,22h 30m,1 stop,No info,8366
Vistara,9/06/2019,Kolkata,Banglore,CCU ? DEL ? BLR,17:00,10:45 10 Jun,17h 45m,1 stop,No info,9922
Jet Airways,18/06/2019,Banglore,Delhi,BLR ? DEL,11:10,14:05,2h 55m,non-stop,No info,8016
Air India,21/05/2019,Delhi,Cochin,DEL ? BOM ? COK,13:00,19:15,6h 15m,1 stop,No info,8372
Multiple carriers,1/06/2019,Delhi,Cochin,DEL ? BOM ? COK,04:55,19:15,14h 20m,1 stop,No info,8835
Jet Airways,9/05/2019,Kolkata,Banglore,CCU ? BOM ? BLR,08:25,09:20 10 May,24h 55m,1 stop,In-flight meal not included,9663
GoAir,21/05/2019,Kolkata,Banglore,CCU ? AMD ? BLR,16:40,00:15 22 May,7h 35m,1 stop,No info,8855
Vistara,9/05/2019,Kolkata,Banglore,CCU ? DEL ? BLR,20:20,10:45 10 May,14h 25m,1 stop,No info,8452
Multiple carriers,9/06/2019,Delhi,Cochin,DEL ? HYD ? COK,09:45,16:10,6h 25m,1 stop,No info,9646
Jet Airways,15/05/2019,Kolkata,Banglore,CCU ? BOM ? BLR,06:30,23:35,17h 5m,1 stop,In-flight meal not included,8586
Jet Airways,12/05/2019,Kolkata,Banglore,CCU ? BOM ? BLR,06:30,19:50,13h 20m,1 stop,In-flight meal not included,8586
Jet Airways,18/06/2019,Banglore,Delhi,BLR ? DEL,08:20,11:20,3h,non-stop,No info,8016
Air India,27/05/2019,Delhi,Cochin,DEL ? BOM ? COK,09:00,19:15,10h 15m,1 stop,No info,9929
Multiple carriers,3/06/2019,Delhi,Cochin,DEL ? BOM ? COK,10:00,01:30 04 Jun,15h 30m,1 stop,No info,9508
Air Asia,1/06/2019,Delhi,Cochin,DEL ? BLR ? COK,07:55,22:25,14h 30m,1 stop,No info,8759
Jet Airways,21/05/2019,Kolkata,Banglore,CCU ? BOM ? BLR,06:30,09:20 22 May,26h 50m,1 stop,In-flight meal not included,9663
Air Asia,21/05/2019,Delhi,Cochin,DEL ? BLR ? COK,16:45,07:10 22 May,14h 25m,1 stop,No info,8327
Jet Airways,12/06/2019,Banglore,Delhi,BLR ? DEL,17:45,20:45,3h,non-stop,No info,8016
Vistara,6/05/2019,Kolkata,Banglore,CCU ? DEL ? BLR,20:20,10:45 07 May,14h 25m,1 stop,No info,8662
Multiple carriers,12/06/2019,Delhi,Cochin,DEL ? HYD ? COK,13:05,22:30,9h 25m,1 stop,No info,9646
Vistara,1/05/2019,Kolkata,Banglore,CCU ? DEL ? BLR,20:20,09:05 02 May,12h 45m,1 stop,No info,8452
Vistara,6/06/2019,Kolkata,Banglore,CCU ? DEL ? BLR,07:10,20:20,13h 10m,1 stop,No info,8610
Jet Airways,24/05/2019,Mumbai,Hyderabad,BOM ? HYD,07:05,08:30,1h 25m,non-stop,No info,8040
Multiple carriers,18/05/2019,Delhi,Cochin,DEL ? BOM ? COK,10:20,19:15,8h 55m,1 stop,No info,8476
Jet Airways,12/05/2019,Kolkata,Banglore,CCU ? BOM ? BLR,08:25,19:50,11h 25m,1 stop,In-flight meal not included,8586
Air India,24/06/2019,Delhi,Cochin,DEL ? AMD ? BOM ? COK,16:40,19:15 25 Jun,26h 35m,2 stops,No info,9443
Vistara,24/05/2019,Kolkata,Banglore,CCU ? DEL ? BLR,20:20,18:50 25 May,22h 30m,1 stop,No info,9345
Jet Airways,3/05/2019,Mumbai,Hyderabad,BOM ? HYD,10:20,11:50,1h 30m,non-stop,No info,8040
Multiple carriers,15/05/2019,Delhi,Cochin,DEL ? BOM ? COK,04:55,19:00,14h 5m,1 stop,No info,9103
Air India,12/06/2019,Delhi,Cochin,DEL ? BLR ? COK,09:45,08:15 13 Jun,22h 30m,1 stop,No info,8991
Multiple carriers,15/05/2019,Delhi,Cochin,DEL ? BOM ? COK,06:00,19:00,13h,1 stop,No info,9794
Jet Airways,27/06/2019,Banglore,Delhi,BLR ? DEL,17:45,20:45,3h,non-stop,No info,8016
Jet Airways,24/05/2019,Kolkata,Banglore,CCU ? BOM ? BLR,06:30,04:40 25 May,22h 10m,1 stop,In-flight meal not included,8586
Jet Airways,12/06/2019,Kolkata,Banglore,CCU ? GAU ? BLR,10:20,17:35,7h 15m,1 stop,No info,8355
Jet Airways,1/06/2019,Banglore,Delhi,BLR ? DEL,18:55,22:00,3h 5m,non-stop,No info,8016
Jet Airways,9/06/2019,Kolkata,Banglore,CCU ? BOM ? BLR,08:25,04:40 10 Jun,20h 15m,1 stop,In-flight meal not included,8586
GoAir,9/06/2019,Kolkata,Banglore,CCU ? AMD ? BLR,16:40,00:15 10 Jun,7h 35m,1 stop,No info,9495
Multiple carriers,15/05/2019,Delhi,Cochin,DEL ? HYD ? COK,07:05,16:10,9h 5m,1 stop,No info,9646
Multiple carriers,15/06/2019,Delhi,Cochin,DEL ? HYD ? COK,07:05,16:10,9h 5m,1 stop,No info,9646
Jet Airways,18/06/2019,Banglore,Delhi,BLR ? DEL,06:00,08:45,2h 45m,non-stop,No info,8016
Air India,6/06/2019,Kolkata,Banglore,CCU ? BOM ? BLR,16:50,07:55 07 Jun,15h 5m,1 stop,No info,8366
Vistara,6/06/2019,Kolkata,Banglore,CCU ? DEL ? BLR,07:10,23:25,16h 15m,1 stop,No info,8610
Jet Airways,1/06/2019,Banglore,Delhi,BLR ? DEL,15:15,18:10,2h 55m,non-stop,No info,8016
Vistara,15/05/2019,Kolkata,Banglore,CCU ? DEL ? BLR,17:00,20:20 16 May,27h 20m,1 stop,No info,8610
Air India,6/06/2019,Kolkata,Banglore,CCU ? BBI ? BLR,12:00,13:15 07 Jun,25h 15m,1 stop,No info,7662
Air India,27/05/2019,Delhi,Cochin,DEL ? BOM ? COK,07:00,19:15,12h 15m,1 stop,No info,9929
Multiple carriers,24/06/2019,Delhi,Cochin,DEL ? BOM ? COK,09:00,21:00,12h,1 stop,No info,8143
Vistara,18/05/2019,Kolkata,Banglore,CCU ? DEL ? BLR,20:20,20:20 19 May,24h,1 stop,No info,9555
Air India,24/05/2019,Kolkata,Banglore,CCU ? BOM ? BLR,16:50,07:55 25 May,15h 5m,1 stop,No info,8576
Jet Airways,3/06/2019,Banglore,Delhi,BLR ? DEL,17:45,20:45,3h,non-stop,No info,8016
Jet Airways,9/06/2019,Banglore,Delhi,BLR ? DEL,15:15,18:10,2h 55m,non-stop,No info,8016
Jet Airways,15/05/2019,Kolkata,Banglore,CCU ? BOM ? BLR,20:00,08:15 16 May,12h 15m,1 stop,In-flight meal not included,8586
Multiple carriers,1/06/2019,Delhi,Cochin,DEL ? HYD ? COK,07:05,22:30,15h 25m,1 stop,No info,9646
Air India,18/05/2019,Delhi,Cochin,DEL ? JAI ? BOM ? COK,12:00,07:40 19 May,19h 40m,2 stops,No info,8603
Jet Airways,6/06/2019,Kolkata,Banglore,CCU ? BOM ? BLR,06:30,04:40 07 Jun,22h 10m,1 stop,In-flight meal not included,8586
Vistara,21/05/2019,Kolkata,Banglore,CCU ? DEL ? BLR,20:20,09:05 22 May,12h 45m,1 stop,No info,8452
Multiple carriers,9/06/2019,Delhi,Cochin,DEL ? HYD ? COK,07:05,22:30,15h 25m,1 stop,No info,9646
Jet Airways,1/05/2019,Kolkata,Banglore,CCU ? BOM ? BLR,14:05,08:15 02 May,18h 10m,1 stop,In-flight meal not included,8586
Vistara,24/05/2019,Kolkata,Banglore,CCU ? DEL ? BLR,17:00,18:50 25 May,25h 50m,1 stop,No info,9870
Multiple carriers,12/06/2019,Delhi,Cochin,DEL ? HYD ? COK,09:45,16:10,6h 25m,1 stop,No info,9646
IndiGo,3/06/2019,Delhi,Cochin,DEL ? HYD ? COK,06:50,22:30,15h 40m,1 stop,No info,7514
Jet Airways,6/05/2019,Kolkata,Banglore,CCU ? BOM ? BLR,06:30,09:20 07 May,26h 50m,1 stop,In-flight meal not included,9663
Jet Airways,12/06/2019,Kolkata,Banglore,CCU ? BOM ? BLR,16:30,19:50 13 Jun,27h 20m,1 stop,In-flight meal not included,8529
Vistara,9/05/2019,Kolkata,Banglore,CCU ? DEL ? BLR,17:00,23:25,6h 25m,1 stop,No info,8085
IndiGo,9/05/2019,Kolkata,Banglore,CCU ? PNQ ? BLR,21:00,02:15 10 May,5h 15m,1 stop,No info,7605
Vistara,6/05/2019,Kolkata,Banglore,CCU ? DEL ? BLR,20:20,20:20 07 May,24h,1 stop,No info,8610
Air Asia,21/05/2019,Kolkata,Banglore,CCU ? DEL ? BLR,22:40,10:40 22 May,12h,1 stop,No info,9719
Vistara,6/06/2019,Kolkata,Banglore,CCU ? DEL ? BLR,17:00,23:25,6h 25m,1 stop,No info,8610
Jet Airways,24/05/2019,Kolkata,Banglore,CCU ? BOM ? BLR,20:00,04:40 25 May,8h 40m,1 stop,In-flight meal not included,8586
Air India,3/06/2019,Delhi,Cochin,DEL ? AMD ? BOM ? COK,16:40,19:15 04 Jun,26h 35m,2 stops,No info,9968
Jet Airways,1/05/2019,Kolkata,Banglore,CCU ? BOM ? BLR,14:05,04:40 02 May,14h 35m,1 stop,In-flight meal not included,8586
Jet Airways,9/05/2019,Kolkata,Banglore,CCU ? BOM ? BLR,21:10,12:00 10 May,14h 50m,1 stop,In-flight meal not included,9663
Multiple carriers,18/05/2019,Delhi,Cochin,DEL ? BOM ? COK,08:30,19:00,10h 30m,1 stop,No info,9205
Multiple carriers,9/05/2019,Delhi,Cochin,DEL ? BOM ? COK,10:20,19:15,8h 55m,1 stop,No info,8266
Multiple carriers,27/05/2019,Delhi,Cochin,DEL ? BOM ? COK,08:45,21:00,12h 15m,1 stop,No info,7740
Vistara,1/05/2019,Kolkata,Banglore,CCU ? DEL ? BLR,07:10,20:20,13h 10m,1 stop,No info,8610
Multiple carriers,15/05/2019,Delhi,Cochin,DEL ? BOM ? COK,07:30,21:00,13h 30m,1 stop,No info,8405
Vistara,1/05/2019,Kolkata,Banglore,CCU ? DEL ? BLR,17:00,10:45 02 May,17h 45m,1 stop,No info,9187
Vistara,9/06/2019,Kolkata,Banglore,CCU ? DEL ? BLR,17:00,22:55,5h 55m,1 stop,No info,9187
Air India,24/06/2019,Delhi,Cochin,DEL ? GOI ? BOM ? COK,22:00,19:15 25 Jun,21h 15m,2 stops,No info,9181
Air India,15/06/2019,Delhi,Cochin,DEL ? BLR ? COK,09:45,23:00,13h 15m,1 stop,No info,8907
Air India,18/05/2019,Delhi,Cochin,DEL ? MAA ? COK,09:45,09:25 19 May,23h 40m,1 stop,No info,8372
Vistara,21/05/2019,Kolkata,Banglore,CCU ? DEL ? BLR,07:10,10:45 22 May,27h 35m,1 stop,No info,9187
Vistara,6/06/2019,Kolkata,Banglore,CCU ? DEL ? BLR,20:20,09:05 07 Jun,12h 45m,1 stop,No info,8452
Vistara,9/06/2019,Kolkata,Banglore,CCU ? DEL ? BLR,07:10,20:20,13h 10m,1 stop,No info,9555
Multiple carriers,27/05/2019,Delhi,Cochin,DEL ? BOM ? COK,11:40,19:15,7h 35m,1 stop,No info,9316
IndiGo,1/05/2019,Delhi,Cochin,DEL ? BOM ? COK,07:30,21:00,13h 30m,1 stop,No info,8542
Jet Airways,21/06/2019,Banglore,Delhi,BLR ? DEL,18:55,22:00,3h 5m,non-stop,No info,8541
Multiple carriers,9/05/2019,Delhi,Cochin,DEL ? HYD ? COK,13:15,22:30,9h 15m,1 stop,No info,8888
Jet Airways,12/05/2019,Kolkata,Banglore,CCU ? BOM ? BLR,18:55,09:20 13 May,14h 25m,1 stop,In-flight meal not included,9663
Multiple carriers,15/05/2019,Delhi,Cochin,DEL ? BOM ? COK,17:00,01:30 16 May,8h 30m,1 stop,No info,8073
Air India,21/05/2019,Kolkata,Banglore,CCU ? BOM ? BLR,09:25,21:50,12h 25m,1 stop,No info,8366
Multiple carriers,27/05/2019,Delhi,Cochin,DEL ? BOM ? COK,06:40,19:15,12h 35m,1 stop,No info,8837
Jet Airways,6/05/2019,Kolkata,Banglore,CCU ? BOM ? BLR,20:00,08:15 07 May,12h 15m,1 stop,In-flight meal not included,9663
Air India,3/06/2019,Delhi,Cochin,DEL ? BOM ? COK,21:00,07:40 04 Jun,10h 40m,1 stop,No info,8372
Jet Airways,1/05/2019,Kolkata,Banglore,CCU ? GAU ? BLR,10:20,17:35,7h 15m,1 stop,No info,8355
Air India,15/05/2019,Delhi,Cochin,DEL ? BOM ? COK,03:50,19:15,15h 25m,1 stop,No info,8669
Multiple carriers,21/05/2019,Delhi,Cochin,DEL ? BOM ? COK,10:00,01:30 22 May,15h 30m,1 stop,No info,7888
Jet Airways,18/05/2019,Kolkata,Banglore,CCU ? BOM ? BLR,21:10,08:15 19 May,11h 5m,1 stop,In-flight meal not included,8586
Jet Airways,15/05/2019,Kolkata,Banglore,CCU ? BOM ? BLR,18:55,08:15 16 May,13h 20m,1 stop,In-flight meal not included,9663
Vistara,12/05/2019,Kolkata,Banglore,CCU ? DEL ? BLR,07:10,23:25,16h 15m,1 stop,No info,9345
Jet Airways,12/06/2019,Kolkata,Banglore,CCU ? BOM ? BLR,14:05,19:50,5h 45m,1 stop,In-flight meal not included,9899
Multiple carriers,9/05/2019,Delhi,Cochin,DEL ? BOM ? COK,09:00,21:00,12h,1 stop,No info,8073
Jet Airways,6/06/2019,Banglore,Delhi,BLR ? DEL,17:45,20:45,3h,non-stop,No info,8016
Jet Airways,12/05/2019,Kolkata,Banglore,CCU ? BOM ? BLR,06:30,09:20 13 May,26h 50m,1 stop,In-flight meal not included,9663
Air India,12/06/2019,Kolkata,Banglore,CCU ? BBI ? BOM ? BLR,12:00,07:55 13 Jun,19h 55m,2 stops,No info,9416
Vistara,9/06/2019,Kolkata,Banglore,CCU ? DEL ? BLR,07:10,22:55,15h 45m,1 stop,No info,8662
Air India,24/06/2019,Delhi,Cochin,DEL ? BOM ? COK,10:00,19:15,9h 15m,1 stop,No info,9194
Air India,9/06/2019,Delhi,Cochin,DEL ? BLR ? COK,09:45,23:00,13h 15m,1 stop,No info,8907
Jet Airways,9/05/2019,Kolkata,Banglore,CCU ? BOM ? BLR,14:05,09:20 10 May,19h 15m,1 stop,In-flight meal not included,9663
Multiple carriers,15/06/2019,Delhi,Cochin,DEL ? BOM ? COK,07:30,19:15,11h 45m,1 stop,No info,8614
Multiple carriers,3/06/2019,Delhi,Cochin,DEL ? BOM ? COK,12:50,21:00,8h 10m,1 stop,No info,7740
IndiGo,1/05/2019,Delhi,Cochin,DEL ? BOM ? COK,18:35,01:30 02 May,6h 55m,1 stop,No info,8854
Multiple carriers,21/05/2019,Delhi,Cochin,DEL ? BOM ? COK,13:00,01:30 22 May,12h 30m,1 stop,No info,7888
Jet Airways,1/05/2019,Kolkata,Banglore,CCU ? BOM ? BLR,20:00,09:20 02 May,13h 20m,1 stop,In-flight meal not included,9663
Air India,6/06/2019,Delhi,Cochin,DEL ? MAA ? COK,20:40,09:25 07 Jun,12h 45m,1 stop,No info,7952
Air India,12/06/2019,Delhi,Cochin,DEL ? BOM ? COK,13:00,19:15,6h 15m,1 stop,No info,8372
Air India,18/05/2019,Kolkata,Banglore,CCU ? BOM ? HBX ? BLR,09:25,18:20,8h 55m,2 stops,No info,8366
Air Asia,9/06/2019,Kolkata,Banglore,CCU ? DEL ? BLR,07:35,19:25,11h 50m,1 stop,No info,7870
Multiple carriers,27/05/2019,Delhi,Cochin,DEL ? BOM ? COK,10:00,01:30 28 May,15h 30m,1 stop,In-flight meal not included,8925
Vistara,21/05/2019,Kolkata,Banglore,CCU ? DEL ? BLR,07:10,20:20,13h 10m,1 stop,No info,9345
Air India,12/06/2019,Delhi,Cochin,DEL ? JAI ? BOM ? COK,12:00,19:15,7h 15m,2 stops,No info,8603
Jet Airways,6/05/2019,Kolkata,Banglore,CCU ? DEL ? BLR,20:25,23:35 07 May,27h 10m,1 stop,In-flight meal not included,8066
Multiple carriers,21/05/2019,Delhi,Cochin,DEL ? HYD ? COK,09:45,00:55 22 May,15h 10m,1 stop,No info,9486
Multiple carriers,27/06/2019,Delhi,Cochin,DEL ? BOM ? COK,09:15,19:15,10h,1 stop,No info,8099
Multiple carriers,1/05/2019,Delhi,Cochin,DEL ? BOM ? COK,07:30,19:00,11h 30m,1 stop,No info,9794
Jet Airways,24/06/2019,Banglore,Delhi,BLR ? DEL,15:15,18:10,2h 55m,non-stop,No info,8016
Air India,6/06/2019,Delhi,Cochin,DEL ? AMD ? BOM ? COK,05:00,19:15 07 Jun,38h 15m,2 stops,No info,9653
Multiple carriers,9/05/2019,Delhi,Cochin,DEL ? BOM ? COK,11:40,01:30 10 May,13h 50m,1 stop,No info,9021
Multiple carriers,6/06/2019,Delhi,Cochin,DEL ? BOM ? COK,11:40,19:15,7h 35m,1 stop,No info,8266
Air India,27/05/2019,Delhi,Cochin,DEL ? BOM ? COK,08:00,19:15,11h 15m,1 stop,No info,9929
Jet Airways,1/05/2019,Kolkata,Banglore,CCU ? BOM ? BLR,16:30,08:15 02 May,15h 45m,1 stop,In-flight meal not included,8586
Jet Airways,12/05/2019,Kolkata,Banglore,CCU ? BOM ? BLR,18:55,04:40 13 May,9h 45m,1 stop,In-flight meal not included,9663
Jet Airways,1/05/2019,Kolkata,Banglore,CCU ? DEL ? BLR,20:25,14:25 02 May,18h,1 stop,In-flight meal not included,9314
Jet Airways,12/06/2019,Kolkata,Banglore,CCU ? BOM ? BLR,18:55,12:00 13 Jun,17h 5m,1 stop,In-flight meal not included,8529
Jet Airways,6/05/2019,Kolkata,Banglore,CCU ? GAU ? BLR,10:20,17:35,7h 15m,1 stop,No info,9358
Jet Airways,9/05/2019,Kolkata,Banglore,CCU ? BOM ? BLR,08:25,04:40 10 May,20h 15m,1 stop,In-flight meal not included,8586
Air India,27/05/2019,Delhi,Cochin,DEL ? BOM ? COK,03:50,19:15,15h 25m,1 stop,No info,9719
Vistara,1/05/2019,Kolkata,Banglore,CCU ? DEL ? BLR,17:00,18:50 02 May,25h 50m,1 stop,No info,8610
IndiGo,24/05/2019,Kolkata,Banglore,CCU ? PAT ? BLR,09:20,14:15,4h 55m,1 stop,No info,9376
Air India,27/05/2019,Delhi,Cochin,DEL ? JAI ? BOM ? COK,12:00,19:15,7h 15m,2 stops,No info,9653
Air India,18/05/2019,Delhi,Cochin,DEL ? BLR ? COK,20:30,23:00 19 May,26h 30m,1 stop,No info,8907
Vistara,9/06/2019,Kolkata,Banglore,CCU ? DEL ? BLR,20:20,18:50 10 Jun,22h 30m,1 stop,No info,8610
Multiple carriers,15/06/2019,Delhi,Cochin,DEL ? BOM ? COK,11:25,19:15,7h 50m,1 stop,No info,8614
Multiple carriers,27/06/2019,Delhi,Cochin,DEL ? HYD ? COK,13:15,22:30,9h 15m,1 stop,No info,8018
Jet Airways,12/06/2019,Banglore,Delhi,BLR ? DEL,07:10,10:10,3h,non-stop,No info,8016
Air India,15/06/2019,Delhi,Cochin,DEL ? HYD ? MAA ? COK,13:15,09:25 16 Jun,20h 10m,2 stops,No info,8839
Vistara,1/05/2019,Kolkata,Banglore,CCU ? DEL ? BLR,17:00,09:05 02 May,16h 5m,1 stop,No info,8452
Air India,27/05/2019,Delhi,Cochin,DEL ? BOM ? COK,20:00,19:15 28 May,23h 15m,1 stop,No info,8372
Multiple carriers,9/06/2019,Delhi,Cochin,DEL ? HYD ? COK,07:05,16:10,9h 5m,1 stop,No info,9646
Air India,27/06/2019,Delhi,Cochin,DEL ? AMD ? BOM ? COK,19:45,19:15 28 Jun,23h 30m,2 stops,No info,9653
Vistara,24/05/2019,Kolkata,Banglore,CCU ? DEL ? BLR,17:00,20:20 25 May,27h 20m,1 stop,No info,9870
Vistara,18/05/2019,Kolkata,Banglore,CCU ? DEL ? BLR,20:20,10:45 19 May,14h 25m,1 stop,No info,9187
Jet Airways,3/06/2019,Banglore,Delhi,BLR ? DEL,11:10,14:05,2h 55m,non-stop,No info,8016
Air Asia,6/06/2019,Delhi,Cochin,DEL ? BLR ? COK,07:55,22:25,14h 30m,1 stop,No info,8759
Jet Airways,6/06/2019,Kolkata,Banglore,CCU ? BOM ? BLR,21:10,04:40 07 Jun,7h 30m,1 stop,In-flight meal not included,7757
Multiple carriers,27/05/2019,Delhi,Cochin,DEL ? BOM ? COK,07:00,21:00,14h,1 stop,No info,7618
Multiple carriers,6/06/2019,Delhi,Cochin,DEL ? BOM ? COK,08:45,21:00,12h 15m,1 stop,No info,7740
Jet Airways,1/05/2019,Kolkata,Banglore,CCU ? BOM ? BLR,08:25,09:20 02 May,24h 55m,1 stop,In-flight meal not included,9663
Jet Airways,12/06/2019,Kolkata,Banglore,CCU ? BOM ? BLR,14:05,09:20 13 Jun,19h 15m,1 stop,In-flight meal not included,8529
Multiple carriers,15/05/2019,Delhi,Cochin,DEL ? BOM ? COK,10:00,01:30 16 May,15h 30m,1 stop,No info,8073
Air India,15/05/2019,Kolkata,Banglore,CCU ? BOM ? BLR,09:25,21:50,12h 25m,1 stop,No info,8366
Vistara,6/06/2019,Kolkata,Banglore,CCU ? DEL ? BLR,20:20,18:50 07 Jun,22h 30m,1 stop,No info,8820
Air India,15/05/2019,Kolkata,Banglore,CCU ? BOM ? BLR,09:25,18:30,9h 5m,1 stop,No info,8891
Multiple carriers,15/05/2019,Delhi,Cochin,DEL ? BOM ? COK,12:50,19:15,6h 25m,1 stop,No info,8266
Air India,12/06/2019,Delhi,Cochin,DEL ? BLR ? COK,20:30,23:00 13 Jun,26h 30m,1 stop,No info,8907
Multiple carriers,18/05/2019,Delhi,Cochin,DEL ? BOM ? COK,08:30,19:15,10h 45m,1 stop,No info,7887
Multiple carriers,21/05/2019,Delhi,Cochin,DEL ? BOM ? COK,09:00,21:00,12h,1 stop,No info,7888
Multiple carriers,18/05/2019,Delhi,Cochin,DEL ? BOM ? COK,11:25,19:15,7h 50m,1 stop,No info,7997
Air India,24/05/2019,Kolkata,Banglore,CCU ? GAU ? BLR,09:50,21:05,11h 15m,1 stop,No info,7662
Air India,18/05/2019,Kolkata,Banglore,CCU ? BOM ? BLR,09:25,21:50,12h 25m,1 stop,No info,8366
Vistara,24/05/2019,Kolkata,Banglore,CCU ? DEL ? BLR,07:10,22:40,15h 30m,1 stop,No info,9397
Vistara,12/06/2019,Kolkata,Banglore,CCU ? DEL ? BLR,07:10,10:45 13 Jun,27h 35m,1 stop,No info,8452
SpiceJet,6/06/2019,Kolkata,Banglore,CCU ? KNU ? BLR,11:35,18:50,7h 15m,1 stop,No info,8479
IndiGo,3/06/2019,Delhi,Cochin,DEL ? HYD ? COK,07:35,16:10,8h 35m,1 stop,No info,7514
Jet Airways,12/05/2019,Kolkata,Banglore,CCU ? BOM ? BLR,18:55,12:00 13 May,17h 5m,1 stop,In-flight meal not included,9663
Multiple carriers,15/06/2019,Delhi,Cochin,DEL ? BOM ? COK,06:40,19:15,12h 35m,1 stop,No info,8614
Jet Airways,27/05/2019,Delhi,Cochin,DEL ? BOM ? COK,11:30,19:00,7h 30m,1 stop,In-flight meal not included,9732
Jet Airways,18/05/2019,Kolkata,Banglore,CCU ? BOM ? BLR,05:45,08:15 19 May,26h 30m,1 stop,In-flight meal not included,8586
Multiple carriers,9/05/2019,Delhi,Cochin,DEL ? BOM ? COK,17:45,01:30 10 May,7h 45m,1 stop,No info,9021
Jet Airways,21/05/2019,Kolkata,Banglore,CCU ? BOM ? BLR,18:55,04:40 22 May,9h 45m,1 stop,In-flight meal not included,9663
Jet Airways,6/05/2019,Kolkata,Banglore,CCU ? BOM ? BLR,06:30,04:40 07 May,22h 10m,1 stop,In-flight meal not included,8586
Air India,12/05/2019,Kolkata,Banglore,CCU ? GAU ? BLR,09:50,21:05,11h 15m,1 stop,No info,8450
Multiple carriers,15/05/2019,Delhi,Cochin,DEL ? BOM ? COK,11:40,19:15,7h 35m,1 stop,No info,9001
Air India,24/06/2019,Delhi,Cochin,DEL ? BOM ? COK,09:00,19:15,10h 15m,1 stop,No info,9404
Multiple carriers,9/05/2019,Delhi,Cochin,DEL ? HYD ? COK,09:45,22:30,12h 45m,1 stop,No info,8888
SpiceJet,12/05/2019,Kolkata,Banglore,CCU ? IXB ? BLR,15:55,21:25,5h 30m,1 stop,No info,8844
Jet Airways,15/05/2019,Kolkata,Banglore,CCU ? BOM ? BLR,20:00,09:20 16 May,13h 20m,1 stop,In-flight meal not included,9663
Jet Airways,6/05/2019,Kolkata,Banglore,CCU ? BOM ? BLR,16:30,20:45 07 May,28h 15m,1 stop,In-flight meal not included,9663
Jet Airways,12/06/2019,Kolkata,Banglore,CCU ? BOM ? BLR,18:55,18:15 13 Jun,23h 20m,1 stop,In-flight meal not included,8529
SpiceJet,15/05/2019,Delhi,Cochin,DEL ? MAA ? COK,15:45,22:05,6h 20m,1 stop,No info,7947
Jet Airways,9/05/2019,Kolkata,Banglore,CCU ? BOM ? BLR,20:00,04:40 10 May,8h 40m,1 stop,In-flight meal not included,8586
Jet Airways,9/05/2019,Mumbai,Hyderabad,BOM ? HYD,07:05,08:30,1h 25m,non-stop,No info,8040
Jet Airways,24/05/2019,Kolkata,Banglore,CCU ? BOM ? BLR,21:10,09:20 25 May,12h 10m,1 stop,In-flight meal not included,9663
Air India,6/06/2019,Delhi,Cochin,DEL ? BOM ? COK,09:00,19:15,10h 15m,1 stop,No info,8372
Multiple carriers,15/05/2019,Delhi,Cochin,DEL ? BOM ? COK,06:40,19:00,12h 20m,1 stop,No info,9315
Multiple carriers,21/05/2019,Delhi,Cochin,DEL ? BOM ? COK,06:00,19:15,13h 15m,1 stop,No info,8266
SpiceJet,6/05/2019,Kolkata,Banglore,CCU ? IXB ? BLR,11:15,18:30,7h 15m,1 stop,No info,9736
Multiple carriers,1/06/2019,Delhi,Cochin,DEL ? BOM ? COK,08:45,21:00,12h 15m,1 stop,No info,7740
Air India,15/05/2019,Delhi,Cochin,DEL ? BOM ? COK,08:00,19:15,11h 15m,1 stop,No info,8372
Vistara,12/06/2019,Kolkata,Banglore,CCU ? DEL ? BLR,20:20,23:25 13 Jun,27h 5m,1 stop,No info,8610
Multiple carriers,27/05/2019,Delhi,Cochin,DEL ? BOM ? COK,10:20,19:15,8h 55m,1 stop,No info,9316
Air India,12/06/2019,Kolkata,Banglore,CCU ? IXR ? BBI ? BLR,05:50,13:15,7h 25m,2 stops,No info,7662
Jet Airways,12/06/2019,Mumbai,Hyderabad,BOM ? HYD,07:05,08:30,1h 25m,non-stop,No info,8040
IndiGo,12/05/2019,Delhi,Cochin,DEL ? COK,21:05,00:20 13 May,3h 15m,non-stop,No info,8626
Jet Airways,9/05/2019,Kolkata,Banglore,CCU ? DEL ? BLR,09:35,14:25 10 May,28h 50m,1 stop,In-flight meal not included,9314
Multiple carriers,21/05/2019,Delhi,Cochin,DEL ? BOM ? COK,10:00,21:00,11h,1 stop,No info,7888
IndiGo,15/05/2019,Delhi,Cochin,DEL ? BOM ? COK,09:15,01:30 16 May,16h 15m,1 stop,No info,7503
Multiple carriers,9/05/2019,Delhi,Cochin,DEL ? HYD ? COK,07:05,22:30,15h 25m,1 stop,No info,8310
Multiple carriers,21/05/2019,Delhi,Cochin,DEL ? BOM ? COK,09:15,19:00,9h 45m,1 stop,No info,9627
Vistara,18/05/2019,Kolkata,Banglore,CCU ? DEL ? BLR,07:10,20:20,13h 10m,1 stop,No info,9345
Air India,6/06/2019,Delhi,Cochin,DEL ? AMD ? BOM ? COK,16:40,19:15 07 Jun,26h 35m,2 stops,No info,9653
Multiple carriers,18/05/2019,Delhi,Cochin,DEL ? BOM ? COK,10:00,01:30 19 May,15h 30m,1 stop,No info,8073
Vistara,1/05/2019,Kolkata,Banglore,CCU ? DEL ? BLR,20:20,10:45 02 May,14h 25m,1 stop,No info,9187
IndiGo,9/05/2019,Delhi,Cochin,DEL ? BOM ? COK,17:30,01:30 10 May,8h,1 stop,No info,8330
Vistara,6/05/2019,Kolkata,Banglore,CCU ? DEL ? BLR,07:10,20:20,13h 10m,1 stop,No info,8610
Jet Airways,18/05/2019,Kolkata,Banglore,CCU ? BOM ? BLR,21:10,09:20 19 May,12h 10m,1 stop,In-flight meal not included,9663
Jet Airways,12/06/2019,Kolkata,Banglore,CCU ? BOM ? BLR,14:05,12:00 13 Jun,21h 55m,1 stop,In-flight meal not included,8529
Vistara,24/05/2019,Kolkata,Banglore,CCU ? DEL ? BLR,07:10,23:25,16h 15m,1 stop,No info,9345
Jet Airways,6/05/2019,Kolkata,Banglore,CCU ? BOM ? BLR,18:55,10:05 07 May,15h 10m,1 stop,In-flight meal not included,7757
Vistara,9/06/2019,Kolkata,Banglore,CCU ? DEL ? BLR,07:10,23:25,16h 15m,1 stop,No info,9345
Jet Airways,18/05/2019,Kolkata,Banglore,CCU ? BOM ? BLR,05:45,09:20 19 May,27h 35m,1 stop,In-flight meal not included,9663
Jet Airways,15/05/2019,Kolkata,Banglore,CCU ? DEL ? BLR,17:00,14:25 16 May,21h 25m,1 stop,In-flight meal not included,9314
Multiple carriers,15/05/2019,Delhi,Cochin,DEL ? BOM ? COK,06:00,21:00,15h,1 stop,No info,7670
Air India,6/05/2019,Kolkata,Banglore,CCU ? BOM ? BLR,09:25,18:30,9h 5m,1 stop,No info,8891
Vistara,12/05/2019,Kolkata,Banglore,CCU ? DEL ? BLR,20:20,20:20 13 May,24h,1 stop,No info,8610
SpiceJet,1/05/2019,Kolkata,Banglore,CCU ? IXB ? BLR,11:15,18:30,7h 15m,1 stop,No info,8844
Vistara,18/05/2019,Kolkata,Banglore,CCU ? DEL ? BLR,07:10,18:50,11h 40m,1 stop,No info,9345
Multiple carriers,18/05/2019,Delhi,Cochin,DEL ? BOM ? COK,19:00,01:30 19 May,6h 30m,1 stop,No info,8283
Multiple carriers,18/05/2019,Delhi,Cochin,DEL ? BOM ? COK,11:40,01:30 19 May,13h 50m,1 stop,No info,8405
Jet Airways,12/06/2019,Banglore,Delhi,BLR ? DEL,18:55,22:00,3h 5m,non-stop,No info,8016
Multiple carriers,9/05/2019,Delhi,Cochin,DEL ? BOM ? COK,06:00,19:00,13h,1 stop,No info,9794
Jet Airways,6/06/2019,Banglore,Delhi,BLR ? DEL,06:00,08:45,2h 45m,non-stop,No info,8016
Air India,24/05/2019,Kolkata,Banglore,CCU ? BOM ? BLR,09:25,11:10 25 May,25h 45m,1 stop,No info,8891
Jet Airways,21/05/2019,Kolkata,Banglore,CCU ? BOM ? BLR,06:30,04:40 22 May,22h 10m,1 stop,In-flight meal not included,8586
Air India,21/05/2019,Kolkata,Banglore,CCU ? BBI ? BLR,12:00,13:15 22 May,25h 15m,1 stop,No info,7662
Vistara,12/06/2019,Kolkata,Banglore,CCU ? DEL ? BLR,17:00,23:25,6h 25m,1 stop,No info,8610
Multiple carriers,27/05/2019,Delhi,Cochin,DEL ? BOM ? COK,08:00,21:00,13h,1 stop,No info,7618
Jet Airways,6/06/2019,Kolkata,Banglore,CCU ? BOM ? BLR,08:25,04:40 07 Jun,20h 15m,1 stop,In-flight meal not included,8586
Jet Airways,1/05/2019,Kolkata,Banglore,CCU ? DEL ? BLR,09:35,09:45 02 May,24h 10m,1 stop,In-flight meal not included,9314
Jet Airways,1/05/2019,Kolkata,Banglore,CCU ? DEL ? BLR,20:25,18:00 02 May,21h 35m,1 stop,In-flight meal not included,9314
Vistara,6/05/2019,Kolkata,Banglore,CCU ? DEL ? BLR,17:00,23:25,6h 25m,1 stop,No info,8085
Air India,18/05/2019,Delhi,Cochin,DEL ? BOM ? COK,10:00,07:40 19 May,21h 40m,1 stop,No info,8372
Air India,18/05/2019,Delhi,Cochin,DEL ? BLR ? COK,09:45,23:00,13h 15m,1 stop,No info,8907
Jet Airways,15/05/2019,Kolkata,Banglore,CCU ? BOM ? BLR,14:05,23:35,9h 30m,1 stop,In-flight meal not included,8586
IndiGo,18/05/2019,Delhi,Cochin,DEL ? HYD ? COK,11:55,22:30,10h 35m,1 stop,No info,8216
Multiple carriers,9/05/2019,Delhi,Cochin,DEL ? BOM ? COK,04:55,19:15,14h 20m,1 stop,No info,7575
Multiple carriers,18/05/2019,Delhi,Cochin,DEL ? BOM ? COK,13:00,21:00,8h,1 stop,No info,9385
Vistara,12/05/2019,Kolkata,Banglore,CCU ? DEL ? BLR,07:10,22:40,15h 30m,1 stop,No info,8662
Air India,12/06/2019,Delhi,Cochin,DEL ? BLR ? COK,17:40,08:15 13 Jun,14h 35m,1 stop,No info,8991
Air India,24/05/2019,Kolkata,Banglore,CCU ? BBI ? BOM ? BLR,12:00,21:50,9h 50m,2 stops,No info,9941
Multiple carriers,15/06/2019,Delhi,Cochin,DEL ? BOM ? COK,09:00,21:00,12h,1 stop,No info,7933
Jet Airways,18/06/2019,Mumbai,Hyderabad,BOM ? HYD,08:45,10:15,1h 30m,non-stop,No info,8040
Air India,15/06/2019,Delhi,Cochin,DEL ? BOM ? COK,03:50,19:15,15h 25m,1 stop,No info,9929
Multiple carriers,18/05/2019,Delhi,Cochin,DEL ? BOM ? COK,04:55,12:35,7h 40m,1 stop,No info,8882
Jet Airways,12/05/2019,Kolkata,Banglore,CCU ? BOM ? BLR,20:00,10:05 13 May,14h 5m,1 stop,In-flight meal not included,8586
Jet Airways,9/05/2019,Kolkata,Banglore,CCU ? BOM ? BLR,20:00,12:00 10 May,16h,1 stop,In-flight meal not included,9663
Multiple carriers,24/06/2019,Delhi,Cochin,DEL ? BOM ? COK,07:30,19:15,11h 45m,1 stop,No info,9001
Multiple carriers,15/05/2019,Delhi,Cochin,DEL ? BOM ? COK,08:45,19:00,10h 15m,1 stop,No info,9794
GoAir,12/05/2019,Kolkata,Banglore,CCU ? AMD ? BLR,16:40,00:15 13 May,7h 35m,1 stop,No info,8855
Air India,9/06/2019,Delhi,Cochin,DEL ? BOM ? COK,21:00,07:40 10 Jun,10h 40m,1 stop,No info,8372
Multiple carriers,18/05/2019,Delhi,Cochin,DEL ? BOM ? COK,10:35,19:15,8h 40m,1 stop,No info,8309
Jet Airways,15/06/2019,Banglore,Delhi,BLR ? DEL,18:55,22:00,3h 5m,non-stop,No info,8016
Jet Airways,12/06/2019,Kolkata,Banglore,CCU ? BOM ? BLR,08:25,19:50,11h 25m,1 stop,In-flight meal not included,9899
Multiple carriers,9/05/2019,Delhi,Cochin,DEL ? BOM ? COK,07:30,19:15,11h 45m,1 stop,No info,7787
Vistara,15/05/2019,Kolkata,Banglore,CCU ? DEL ? BLR,20:20,18:50 16 May,22h 30m,1 stop,No info,9345
Jet Airways,9/05/2019,Kolkata,Banglore,CCU ? DEL ? BLR,20:25,18:00 10 May,21h 35m,1 stop,In-flight meal not included,9314
Air India,21/05/2019,Delhi,Cochin,DEL ? BOM ? COK,08:00,19:15,11h 15m,1 stop,No info,8372
IndiGo,24/05/2019,Delhi,Cochin,DEL ? HYD ? COK,14:20,22:30,8h 10m,1 stop,No info,7640
Jet Airways,12/06/2019,Kolkata,Banglore,CCU ? BOM ? BLR,16:30,20:45 13 Jun,28h 15m,1 stop,In-flight meal not included,8529
IndiGo,3/06/2019,Delhi,Cochin,DEL ? HYD ? COK,06:50,16:10,9h 20m,1 stop,No info,7514
Multiple carriers,27/05/2019,Delhi,Cochin,DEL ? BOM ? COK,10:20,19:00,8h 40m,1 stop,No info,9794
Multiple carriers,27/05/2019,Delhi,Cochin,DEL ? BOM ? COK,10:00,01:30 28 May,15h 30m,1 stop,No info,9508
Air India,9/06/2019,Delhi,Cochin,DEL ? MAA ? COK,20:40,09:25 10 Jun,12h 45m,1 stop,No info,7690
Vistara,21/05/2019,Kolkata,Banglore,CCU ? DEL ? BLR,17:00,23:25,6h 25m,1 stop,No info,9345
Vistara,15/05/2019,Kolkata,Banglore,CCU ? DEL ? BLR,07:10,23:25,16h 15m,1 stop,No info,9345
Jet Airways,12/06/2019,Kolkata,Banglore,CCU ? BOM ? BLR,14:05,04:40 13 Jun,14h 35m,1 stop,In-flight meal not included,7594
Jet Airways,1/05/2019,Kolkata,Banglore,CCU ? BOM ? BLR,20:00,04:40 02 May,8h 40m,1 stop,In-flight meal not included,8586
Jet Airways,24/05/2019,Kolkata,Banglore,CCU ? GAU ? BLR,10:20,17:35,7h 15m,1 stop,No info,8781
IndiGo,9/05/2019,Delhi,Cochin,DEL ? BOM ? COK,10:35,01:30 10 May,14h 55m,1 stop,No info,8330
Multiple carriers,15/05/2019,Delhi,Cochin,DEL ? BOM ? COK,12:50,01:30 16 May,12h 40m,1 stop,No info,7670
Air Asia,6/06/2019,Delhi,Cochin,DEL ? BLR ? COK,07:55,13:25,5h 30m,1 stop,No info,8759
Air India,9/06/2019,Delhi,Cochin,DEL ? AMD ? BOM ? COK,19:45,19:15 10 Jun,23h 30m,2 stops,No info,9968
Multiple carriers,18/05/2019,Delhi,Cochin,DEL ? HYD ? COK,07:05,16:10,9h 5m,1 stop,No info,9646
Multiple carriers,9/05/2019,Delhi,Cochin,DEL ? BOM ? COK,19:00,01:30 10 May,6h 30m,1 stop,No info,9424
Air India,24/06/2019,Delhi,Cochin,DEL ? AMD ? BOM ? COK,16:40,19:15 25 Jun,26h 35m,2 stops,No info,9443
Jet Airways,3/06/2019,Mumbai,Hyderabad,BOM ? HYD,10:20,11:50,1h 30m,non-stop,No info,8040
Air India,6/06/2019,Delhi,Cochin,DEL ? BOM ? COK,08:00,19:15,11h 15m,1 stop,No info,8372
Multiple carriers,18/05/2019,Delhi,Cochin,DEL ? BOM ? COK,13:00,01:30 19 May,12h 30m,1 stop,No info,9385
Multiple carriers,27/06/2019,Delhi,Cochin,DEL ? BOM ? COK,10:20,19:15,8h 55m,1 stop,No info,7741
Multiple carriers,3/06/2019,Delhi,Cochin,DEL ? BOM ? COK,08:45,21:00,12h 15m,1 stop,No info,7740
Air India,9/06/2019,Kolkata,Banglore,CCU ? GAU ? BLR,16:45,21:05 10 Jun,28h 20m,1 stop,No info,7662
Multiple carriers,21/05/2019,Delhi,Cochin,DEL ? BOM ? COK,19:00,01:30 22 May,6h 30m,1 stop,No info,7888
Multiple carriers,21/05/2019,Delhi,Cochin,DEL ? BOM ? COK,08:45,19:00,10h 15m,1 stop,No info,9794
Jet Airways,9/05/2019,Kolkata,Banglore,CCU ? BOM ? BLR,21:10,04:40 10 May,7h 30m,1 stop,In-flight meal not included,9663
Air India,9/05/2019,Delhi,Cochin,DEL ? HYD ? MAA ? COK,13:15,09:25 10 May,20h 10m,2 stops,No info,9417
Multiple carriers,24/06/2019,Delhi,Cochin,DEL ? BOM ? COK,08:45,19:15,10h 30m,1 stop,No info,9001
SpiceJet,12/06/2019,Kolkata,Banglore,CCU ? KNU ? BLR,11:35,18:50,7h 15m,1 stop,No info,8479
Vistara,15/05/2019,Kolkata,Banglore,CCU ? DEL ? BLR,07:10,22:40,15h 30m,1 stop,No info,8452
IndiGo,9/05/2019,Delhi,Cochin,DEL ? BOM ? COK,17:10,01:30 10 May,8h 20m,1 stop,No info,8330
Air India,27/06/2019,Delhi,Cochin,DEL ? BOM ? COK,13:00,19:15,6h 15m,1 stop,No info,8372
Jet Airways,18/05/2019,Kolkata,Banglore,CCU ? BOM ? BLR,05:45,12:00,6h 15m,1 stop,In-flight meal not included,8586
SpiceJet,6/05/2019,Kolkata,Banglore,CCU ? KNU ? BLR,11:35,18:50,7h 15m,1 stop,No info,8479
Vistara,12/05/2019,Kolkata,Banglore,CCU ? DEL ? BLR,07:10,09:05 13 May,25h 55m,1 stop,No info,9397
Jet Airways,21/05/2019,Kolkata,Banglore,CCU ? BOM ? BLR,06:30,10:05 22 May,27h 35m,1 stop,In-flight meal not included,8586
Air India,9/06/2019,Kolkata,Banglore,CCU ? GAU ? BLR,09:50,21:05,11h 15m,1 stop,No info,7662
Vistara,15/05/2019,Kolkata,Banglore,CCU ? DEL ? BLR,20:20,22:40 16 May,26h 20m,1 stop,No info,8452
Multiple carriers,12/06/2019,Delhi,Cochin,DEL ? BOM ? COK,10:20,19:15,8h 55m,1 stop,No info,8266
Multiple carriers,18/05/2019,Delhi,Cochin,DEL ? HYD ? COK,14:55,22:30,7h 35m,1 stop,No info,7740
Multiple carriers,21/05/2019,Delhi,Cochin,DEL ? BOM ? COK,12:50,19:15,6h 25m,1 stop,No info,8266
Jet Airways,24/06/2019,Banglore,Delhi,BLR ? DEL,17:45,20:45,3h,non-stop,No info,8016
IndiGo,27/05/2019,Delhi,Cochin,DEL ? BOM ? COK,04:55,21:00,16h 5m,1 stop,No info,8784
Air India,3/06/2019,Delhi,Cochin,DEL ? BOM ? COK,13:00,19:15,6h 15m,1 stop,No info,8372
Jet Airways,1/05/2019,Kolkata,Banglore,CCU ? DEL ? BLR,20:25,19:10 02 May,22h 45m,1 stop,In-flight meal not included,9314
Multiple carriers,9/05/2019,Delhi,Cochin,DEL ? BOM ? COK,08:45,19:00,10h 15m,1 stop,No info,9794
Air India,24/06/2019,Delhi,Cochin,DEL ? AMD ? BOM ? COK,19:45,19:15 25 Jun,23h 30m,2 stops,No info,9443
Jet Airways,12/06/2019,Delhi,Cochin,DEL ? COK,11:00,14:15,3h 15m,non-stop,No info,9564
Jet Airways,15/06/2019,Delhi,Cochin,DEL ? COK,11:00,14:15,3h 15m,non-stop,No info,9564
Vistara,6/05/2019,Kolkata,Banglore,CCU ? DEL ? BLR,17:00,20:20 07 May,27h 20m,1 stop,No info,8610
Jet Airways,9/05/2019,Kolkata,Banglore,CCU ? BOM ? BLR,14:05,12:00 10 May,21h 55m,1 stop,In-flight meal not included,9663
Multiple carriers,15/05/2019,Delhi,Cochin,DEL ? BOM ? COK,10:20,19:00,8h 40m,1 stop,No info,9794
Jet Airways,6/06/2019,Kolkata,Banglore,CCU ? BOM ? BLR,20:00,04:40 07 Jun,8h 40m,1 stop,In-flight meal not included,8586
Multiple carriers,27/05/2019,Delhi,Cochin,DEL ? HYD ? COK,07:10,16:10,9h,1 stop,No info,7878
Jet Airways,9/05/2019,Kolkata,Banglore,CCU ? BOM ? BLR,18:55,08:15 10 May,13h 20m,1 stop,In-flight meal not included,8586
Jet Airways,21/05/2019,Kolkata,Banglore,CCU ? BOM ? BLR,14:05,10:05 22 May,20h,1 stop,In-flight meal not included,9663
Air India,18/05/2019,Delhi,Cochin,DEL ? BOM ? COK,21:00,07:40 19 May,10h 40m,1 stop,No info,8372
Air India,3/06/2019,Delhi,Cochin,DEL ? BOM ? COK,19:00,07:40 04 Jun,12h 40m,1 stop,No info,8372
Jet Airways,15/06/2019,Banglore,Delhi,BLR ? DEL,19:50,22:50,3h,non-stop,No info,8016
Multiple carriers,24/06/2019,Delhi,Cochin,DEL ? BOM ? COK,07:00,21:00,14h,1 stop,No info,7618
Jet Airways,24/06/2019,Banglore,Delhi,BLR ? DEL,18:55,22:00,3h 5m,non-stop,No info,8016
Jet Airways,18/05/2019,Kolkata,Banglore,CCU ? BOM ? BLR,14:05,10:05 19 May,20h,1 stop,In-flight meal not included,9663
Multiple carriers,21/05/2019,Delhi,Cochin,DEL ? BOM ? COK,18:00,01:30 22 May,7h 30m,1 stop,No info,7888
Multiple carriers,21/05/2019,Delhi,Cochin,DEL ? BOM ? COK,07:30,19:00,11h 30m,1 stop,No info,9794
Multiple carriers,15/05/2019,Delhi,Cochin,DEL ? BOM ? COK,11:25,19:15,7h 50m,1 stop,No info,7575
Air India,27/05/2019,Delhi,Cochin,DEL ? AMD ? BOM ? COK,16:40,19:15 28 May,26h 35m,2 stops,No info,9968
Air India,9/05/2019,Kolkata,Banglore,CCU ? BOM ? BLR,16:50,07:55 10 May,15h 5m,1 stop,No info,8366
Jet Airways,1/05/2019,Kolkata,Banglore,CCU ? DEL ? BLR,17:00,19:10 02 May,26h 10m,1 stop,In-flight meal not included,9314
Vistara,9/06/2019,Kolkata,Banglore,CCU ? DEL ? BLR,07:10,10:45 10 Jun,27h 35m,1 stop,No info,9397
Multiple carriers,24/06/2019,Delhi,Cochin,DEL ? BOM ? COK,09:15,19:15,10h,1 stop,No info,8099
Vistara,6/06/2019,Kolkata,Banglore,CCU ? DEL ? BLR,17:00,09:05 07 Jun,16h 5m,1 stop,No info,8452
Jet Airways,12/05/2019,Kolkata,Banglore,CCU ? BOM ? BLR,21:10,10:05 13 May,12h 55m,1 stop,In-flight meal not included,8586
SpiceJet,18/05/2019,Kolkata,Banglore,CCU ? KNU ? BLR,11:35,18:50,7h 15m,1 stop,No info,8479
Multiple carriers,18/05/2019,Delhi,Cochin,DEL ? BOM ? COK,09:00,21:00,12h,1 stop,No info,8073
Multiple carriers,15/06/2019,Delhi,Cochin,DEL ? BOM ? COK,11:40,19:15,7h 35m,1 stop,No info,9526
Air India,24/05/2019,Kolkata,Banglore,CCU ? BBI ? BLR,09:10,13:15,4h 5m,1 stop,No info,8996
Air Asia,9/06/2019,Banglore,Delhi,BLR ? DEL,04:55,07:45,2h 50m,non-stop,No info,8420
Jet Airways,9/06/2019,Kolkata,Banglore,CCU ? GAU ? BLR,10:20,17:35,7h 15m,1 stop,No info,8355
Jet Airways,12/06/2019,Kolkata,Banglore,CCU ? BOM ? BLR,21:10,09:20 13 Jun,12h 10m,1 stop,In-flight meal not included,8529
Air Asia,21/05/2019,Delhi,Cochin,DEL ? BLR ? COK,16:45,22:30,5h 45m,1 stop,No info,8028
Multiple carriers,6/06/2019,Delhi,Cochin,DEL ? BOM ? COK,10:20,19:15,8h 55m,1 stop,No info,8266
Jet Airways,12/06/2019,Kolkata,Banglore,CCU ? BOM ? BLR,18:55,23:35 13 Jun,28h 40m,1 stop,In-flight meal not included,8529
Vistara,12/05/2019,Kolkata,Banglore,CCU ? DEL ? BLR,07:10,18:50,11h 40m,1 stop,No info,8820
Multiple carriers,21/05/2019,Delhi,Cochin,DEL ? HYD ? COK,17:15,00:55 22 May,7h 40m,1 stop,No info,7858
Vistara,9/06/2019,Kolkata,Banglore,CCU ? DEL ? BLR,17:00,18:50 10 Jun,25h 50m,1 stop,No info,9135
Jet Airways,9/05/2019,Kolkata,Banglore,CCU ? DEL ? BLR,17:00,10:55 10 May,17h 55m,1 stop,In-flight meal not included,8066
Jet Airways,6/05/2019,Kolkata,Banglore,CCU ? BOM ? BLR,14:05,12:00 07 May,21h 55m,1 stop,In-flight meal not included,9663
Multiple carriers,21/05/2019,Delhi,Cochin,DEL ? BOM ? COK,08:30,19:00,10h 30m,1 stop,No info,9627
Multiple carriers,12/06/2019,Delhi,Cochin,DEL ? HYD ? COK,09:45,22:30,12h 45m,1 stop,No info,9646
SpiceJet,24/05/2019,Kolkata,Banglore,CCU ? IXB ? BLR,15:55,21:25,5h 30m,1 stop,No info,7804
Air India,6/06/2019,Delhi,Cochin,DEL ? BOM ? COK,07:00,19:15,12h 15m,1 stop,No info,8669
Multiple carriers,9/05/2019,Delhi,Cochin,DEL ? BOM ? COK,13:00,01:30 10 May,12h 30m,1 stop,No info,9424
Multiple carriers,1/06/2019,Delhi,Cochin,DEL ? HYD ? COK,09:45,22:30,12h 45m,1 stop,No info,9646
Jet Airways,21/05/2019,Kolkata,Banglore,CCU ? BOM ? BLR,06:30,08:15 22 May,25h 45m,1 stop,In-flight meal not included,8586
Air India,12/06/2019,Delhi,Cochin,DEL ? BOM ? COK,07:00,19:15,12h 15m,1 stop,No info,8669
Jet Airways,12/06/2019,Kolkata,Banglore,CCU ? BOM ? BLR,16:30,12:00 13 Jun,19h 30m,1 stop,In-flight meal not included,8529
Vistara,18/05/2019,Kolkata,Banglore,CCU ? DEL ? BLR,20:20,18:50 19 May,22h 30m,1 stop,No info,9555
Jet Airways,12/05/2019,Kolkata,Banglore,CCU ? BOM ? BLR,06:30,12:00,5h 30m,1 stop,In-flight meal not included,8586
Multiple carriers,27/06/2019,Delhi,Cochin,DEL ? HYD ? COK,09:45,22:30,12h 45m,1 stop,No info,9646
Multiple carriers,18/05/2019,Delhi,Cochin,DEL ? BOM ? COK,07:30,19:15,11h 45m,1 stop,No info,7564
Multiple carriers,27/06/2019,Delhi,Cochin,DEL ? BOM ? COK,08:45,19:15,10h 30m,1 stop,No info,8266
Multiple carriers,21/05/2019,Delhi,Cochin,DEL ? BOM ? COK,06:40,19:15,12h 35m,1 stop,No info,7787
Multiple carriers,15/05/2019,Delhi,Cochin,DEL ? BOM ? COK,08:45,21:00,12h 15m,1 stop,No info,7670
Vistara,15/05/2019,Kolkata,Banglore,CCU ? DEL ? BLR,07:10,10:45 16 May,27h 35m,1 stop,No info,8452
Vistara,6/06/2019,Kolkata,Banglore,CCU ? DEL ? BLR,07:10,10:45 07 Jun,27h 35m,1 stop,No info,9187
Vistara,21/05/2019,Kolkata,Banglore,CCU ? DEL ? BLR,20:20,10:45 22 May,14h 25m,1 stop,No info,9187
Jet Airways,9/05/2019,Kolkata,Banglore,CCU ? BOM ? BLR,20:00,18:15 10 May,22h 15m,1 stop,In-flight meal not included,7757
Multiple carriers,21/05/2019,Delhi,Cochin,DEL ? BOM ? COK,08:45,19:15,10h 30m,1 stop,No info,8266
Air India,9/06/2019,Delhi,Cochin,DEL ? COK,18:05,21:10,3h 5m,non-stop,No info,8456
Air India,1/06/2019,Delhi,Cochin,DEL ? BOM ? COK,08:00,19:15,11h 15m,1 stop,No info,9929
Jet Airways,1/05/2019,Kolkata,Banglore,CCU ? BOM ? BLR,06:30,09:20 02 May,26h 50m,1 stop,In-flight meal not included,9663
Multiple carriers,15/06/2019,Delhi,Cochin,DEL ? BOM ? COK,08:45,19:15,10h 30m,1 stop,No info,9526
Air Asia,9/06/2019,Delhi,Cochin,DEL ? BLR ? COK,07:55,15:45,7h 50m,1 stop,No info,8759
Multiple carriers,21/05/2019,Delhi,Cochin,DEL ? BOM ? COK,07:30,19:00,11h 30m,1 stop,No info,9315
IndiGo,27/06/2019,Delhi,Cochin,DEL ? PNQ ? COK,23:30,04:35 28 Jun,5h 5m,1 stop,No info,9165
IndiGo,15/05/2019,Delhi,Cochin,DEL ? BOM ? COK,09:15,21:00,11h 45m,1 stop,No info,7503
Jet Airways,15/06/2019,Banglore,Delhi,BLR ? DEL,11:10,14:05,2h 55m,non-stop,No info,8016
Multiple carriers,9/05/2019,Delhi,Cochin,DEL ? BOM ? COK,10:20,21:00,10h 40m,1 stop,No info,7670
Multiple carriers,3/06/2019,Delhi,Cochin,DEL ? BOM ? COK,09:00,21:00,12h,1 stop,No info,8930
Jet Airways,6/05/2019,Kolkata,Banglore,CCU ? BOM ? BLR,06:30,08:15 07 May,25h 45m,1 stop,In-flight meal not included,8586
Air India,6/05/2019,Kolkata,Banglore,CCU ? BBI ? BLR,09:10,13:15,4h 5m,1 stop,No info,8996
Multiple carriers,15/05/2019,Delhi,Cochin,DEL ? BOM ? COK,10:35,19:00,8h 25m,1 stop,No info,9103
Vistara,9/06/2019,Kolkata,Banglore,CCU ? DEL ? BLR,17:00,23:25,6h 25m,1 stop,No info,9870
Air India,27/05/2019,Delhi,Cochin,DEL ? BLR ? COK,13:30,23:00,9h 30m,1 stop,No info,8907
Jet Airways,12/06/2019,Kolkata,Banglore,CCU ? BOM ? BLR,08:25,16:20,7h 55m,1 stop,In-flight meal not included,9899
Air India,15/05/2019,Kolkata,Banglore,CCU ? BOM ? HBX ? BLR,09:25,18:20,8h 55m,2 stops,No info,8366
Multiple carriers,9/05/2019,Delhi,Cochin,DEL ? BOM ? COK,06:00,21:00,15h,1 stop,No info,7670
Air India,24/06/2019,Delhi,Cochin,DEL ? GOI ? BOM ? COK,22:00,19:15 25 Jun,21h 15m,2 stops,No info,9181
Air India,18/05/2019,Delhi,Cochin,DEL ? MAA ? COK,17:20,09:25 19 May,16h 5m,1 stop,No info,7690
Vistara,15/05/2019,Kolkata,Banglore,CCU ? DEL ? BLR,07:10,20:20,13h 10m,1 stop,No info,8610
Multiple carriers,18/05/2019,Delhi,Cochin,DEL ? BOM ? COK,10:20,21:00,10h 40m,1 stop,No info,7670
Air India,15/05/2019,Delhi,Cochin,DEL ? BOM ? COK,10:00,19:15,9h 15m,1 stop,No info,8372
Vistara,12/06/2019,Kolkata,Banglore,CCU ? DEL ? BLR,17:00,10:45 13 Jun,17h 45m,1 stop,No info,8452
Vistara,12/06/2019,Kolkata,Banglore,CCU ? DEL ? BLR,17:00,09:05 13 Jun,16h 5m,1 stop,No info,7927
Vistara,9/05/2019,Kolkata,Banglore,CCU ? DEL ? BLR,07:10,20:20,13h 10m,1 stop,No info,8610
Jet Airways,1/05/2019,Mumbai,Hyderabad,BOM ? HYD,10:20,11:50,1h 30m,non-stop,No info,8040
Jet Airways,27/06/2019,Banglore,Delhi,BLR ? DEL,07:10,10:10,3h,non-stop,No info,8016
Vistara,12/06/2019,Kolkata,Banglore,CCU ? DEL ? BLR,07:10,22:40,15h 30m,1 stop,No info,8452
Air India,24/05/2019,Delhi,Cochin,DEL ? BOM ? COK,23:00,19:15 25 May,20h 15m,1 stop,No info,8582
Vistara,6/05/2019,Kolkata,Banglore,CCU ? DEL ? BLR,17:00,10:45 07 May,17h 45m,1 stop,No info,8662
Multiple carriers,21/05/2019,Delhi,Cochin,DEL ? BOM ? COK,11:40,19:15,7h 35m,1 stop,No info,8266
Air India,9/05/2019,Delhi,Cochin,DEL ? JAI ? BOM ? COK,12:00,19:15,7h 15m,2 stops,No info,8918
Air India,12/05/2019,Kolkata,Banglore,CCU ? BOM ? BLR,09:25,21:50,12h 25m,1 stop,No info,8891
Multiple carriers,15/05/2019,Delhi,Cochin,DEL ? BOM ? COK,13:00,21:00,8h,1 stop,No info,8073
Jet Airways,15/05/2019,Kolkata,Banglore,CCU ? BOM ? BLR,20:00,10:05 16 May,14h 5m,1 stop,In-flight meal not included,8586
Jet Airways,9/06/2019,Kolkata,Banglore,CCU ? BOM ? BLR,21:10,04:40 10 Jun,7h 30m,1 stop,In-flight meal not included,8586
Multiple carriers,6/06/2019,Delhi,Cochin,DEL ? BOM ? COK,12:50,19:15,6h 25m,1 stop,No info,8266
Jet Airways,12/06/2019,Kolkata,Banglore,CCU ? BOM ? BLR,21:10,10:05 13 Jun,12h 55m,1 stop,In-flight meal not included,8529
Multiple carriers,3/06/2019,Delhi,Cochin,DEL ? BOM ? COK,06:00,21:00,15h,1 stop,No info,8475
Air India,6/06/2019,Delhi,Cochin,DEL ? AMD ? BOM ? COK,16:40,19:15 07 Jun,26h 35m,2 stops,No info,9653
Jet Airways,12/05/2019,Kolkata,Banglore,CCU ? BOM ? BLR,18:55,08:15 13 May,13h 20m,1 stop,In-flight meal not included,9663
Multiple carriers,1/06/2019,Delhi,Cochin,DEL ? BOM ? COK,11:40,21:00,9h 20m,1 stop,No info,7740
Jet Airways,1/05/2019,Kolkata,Banglore,CCU ? BOM ? BLR,18:55,10:05 02 May,15h 10m,1 stop,In-flight meal not included,8586
Multiple carriers,1/06/2019,Delhi,Cochin,DEL ? HYD ? COK,07:05,16:10,9h 5m,1 stop,No info,9646
Air Asia,3/06/2019,Delhi,Cochin,DEL ? BLR ? COK,07:55,22:25,14h 30m,1 stop,No info,8759
Jet Airways,27/06/2019,Mumbai,Hyderabad,BOM ? HYD,08:45,10:15,1h 30m,non-stop,No info,8040
Air India,21/05/2019,Delhi,Cochin,DEL ? BLR ? COK,09:30,23:00,13h 30m,1 stop,No info,8907
Air India,9/05/2019,Delhi,Cochin,DEL ? BOM ? COK,10:00,19:15,9h 15m,1 stop,No info,8372
IndiGo,9/05/2019,Delhi,Cochin,DEL ? BOM ? COK,16:00,01:30 10 May,9h 30m,1 stop,No info,9274
Jet Airways,21/06/2019,Delhi,Cochin,DEL ? COK,11:00,14:15,3h 15m,non-stop,No info,9564
Air India,24/05/2019,Kolkata,Banglore,CCU ? BOM ? BLR,09:25,07:55 25 May,22h 30m,1 stop,No info,8366
Vistara,15/05/2019,Kolkata,Banglore,CCU ? DEL ? BLR,17:00,23:25,6h 25m,1 stop,No info,9345
Multiple carriers,6/06/2019,Delhi,Cochin,DEL ? HYD ? COK,07:05,22:30,15h 25m,1 stop,No info,9646
Jet Airways,18/06/2019,Banglore,Delhi,BLR ? DEL,17:45,20:45,3h,non-stop,No info,8016
IndiGo,21/05/2019,Delhi,Cochin,DEL ? PNQ ? COK,23:30,04:35 22 May,5h 5m,1 stop,No info,8745
Jet Airways,1/06/2019,Banglore,Delhi,BLR ? DEL,06:00,08:45,2h 45m,non-stop,No info,8016
Multiple carriers,6/06/2019,Delhi,Cochin,DEL ? HYD ? COK,09:45,22:30,12h 45m,1 stop,No info,9646
GoAir,6/06/2019,Delhi,Cochin,DEL ? BOM ? COK,14:25,19:35,5h 10m,1 stop,No info,7870
Jet Airways,12/05/2019,Kolkata,Banglore,CCU ? DEL ? BLR,20:25,23:35 13 May,27h 10m,1 stop,In-flight meal not included,8066
SpiceJet,9/06/2019,Kolkata,Banglore,CCU ? IXB ? BLR,11:15,18:30,7h 15m,1 stop,No info,9946
Jet Airways,15/05/2019,Kolkata,Banglore,CCU ? BOM ? BLR,16:30,23:35,7h 5m,1 stop,In-flight meal not included,8586
Multiple carriers,1/06/2019,Delhi,Cochin,DEL ? BOM ? COK,10:20,19:15,8h 55m,1 stop,No info,9526
Jet Airways,9/05/2019,Kolkata,Banglore,CCU ? BOM ? BLR,06:30,12:00,5h 30m,1 stop,In-flight meal not included,9663
Air India,6/05/2019,Kolkata,Banglore,CCU ? IXR ? BBI ? BLR,05:50,13:15,7h 25m,2 stops,No info,7662
Air India,6/06/2019,Kolkata,Banglore,CCU ? BBI ? BOM ? BLR,12:00,21:50,9h 50m,2 stops,No info,9416
Air India,12/05/2019,Kolkata,Banglore,CCU ? GAU ? BLR,16:45,21:05 13 May,28h 20m,1 stop,No info,7662
Jet Airways,12/05/2019,Kolkata,Banglore,CCU ? BOM ? BLR,08:25,08:15 13 May,23h 50m,1 stop,In-flight meal not included,8586
Jet Airways,24/05/2019,Kolkata,Banglore,CCU ? BOM ? BLR,20:00,10:05 25 May,14h 5m,1 stop,In-flight meal not included,8586
Jet Airways,1/05/2019,Kolkata,Banglore,CCU ? BOM ? BLR,16:30,10:05 02 May,17h 35m,1 stop,In-flight meal not included,8586
Jet Airways,18/05/2019,Kolkata,Banglore,CCU ? BOM ? BLR,05:45,04:40 19 May,22h 55m,1 stop,In-flight meal not included,8586
Vistara,9/05/2019,Kolkata,Banglore,CCU ? DEL ? BLR,17:00,09:05 10 May,16h 5m,1 stop,No info,9187
Multiple carriers,6/05/2019,Delhi,Cochin,DEL ? BOM ? COK,10:20,19:00,8h 40m,1 stop,No info,9794
Jet Airways,12/06/2019,Kolkata,Banglore,CCU ? BOM ? BLR,14:05,20:45,6h 40m,1 stop,In-flight meal not included,9899
Air India,24/06/2019,Delhi,Cochin,DEL ? BOM ? COK,13:00,19:15,6h 15m,1 stop,No info,8372
Jet Airways,24/05/2019,Kolkata,Banglore,CCU ? BOM ? BLR,18:55,08:15 25 May,13h 20m,1 stop,In-flight meal not included,8586
Jet Airways,21/05/2019,Delhi,Cochin,DEL ? COK,09:50,13:05,3h 15m,non-stop,No info,9564
Air India,12/06/2019,Delhi,Cochin,DEL ? BLR ? COK,20:30,08:15 13 Jun,11h 45m,1 stop,No info,8991
Jet Airways,18/05/2019,Kolkata,Banglore,CCU ? BOM ? BLR,16:30,08:15 19 May,15h 45m,1 stop,In-flight meal not included,8586
Jet Airways,12/06/2019,Kolkata,Banglore,CCU ? BOM ? BLR,08:25,10:05 13 Jun,25h 40m,1 stop,In-flight meal not included,8529
Vistara,21/05/2019,Kolkata,Banglore,CCU ? DEL ? BLR,07:10,22:40,15h 30m,1 stop,No info,8452
Jet Airways,9/05/2019,Kolkata,Banglore,CCU ? DEL ? BLR,20:25,14:25 10 May,18h,1 stop,In-flight meal not included,9314
IndiGo,18/05/2019,Delhi,Cochin,DEL ? HYD ? COK,16:10,22:30,6h 20m,1 stop,No info,7640
Vistara,9/06/2019,Kolkata,Banglore,CCU ? DEL ? BLR,20:20,10:45 10 Jun,14h 25m,1 stop,No info,9397
Multiple carriers,15/05/2019,Delhi,Cochin,DEL ? BOM ? COK,07:00,21:00,14h,1 stop,No info,8073
Air India,12/06/2019,Delhi,Cochin,DEL ? HYD ? MAA ? COK,17:15,09:25 13 Jun,16h 10m,2 stops,No info,9417
Air India,27/06/2019,Delhi,Cochin,DEL ? BOM ? COK,08:00,19:15,11h 15m,1 stop,No info,8372
Jet Airways,12/05/2019,Kolkata,Banglore,CCU ? BOM ? BLR,21:10,04:40 13 May,7h 30m,1 stop,In-flight meal not included,8586
Multiple carriers,1/06/2019,Delhi,Cochin,DEL ? BOM ? COK,18:00,01:30 02 Jun,7h 30m,1 stop,No info,7933
Jet Airways,24/05/2019,Kolkata,Banglore,CCU ? BOM ? BLR,14:05,09:20 25 May,19h 15m,1 stop,In-flight meal not included,9663
Jet Airways,21/05/2019,Kolkata,Banglore,CCU ? BOM ? BLR,21:10,10:05 22 May,12h 55m,1 stop,In-flight meal not included,8586
GoAir,12/06/2019,Delhi,Cochin,DEL ? BOM ? COK,14:25,19:35,5h 10m,1 stop,No info,7870
Air India,27/06/2019,Delhi,Cochin,DEL ? BOM ? COK,09:00,19:15,10h 15m,1 stop,No info,8372
Jet Airways,12/06/2019,Kolkata,Banglore,CCU ? BOM ? BLR,14:05,18:15 13 Jun,28h 10m,1 stop,In-flight meal not included,8529
Multiple carriers,9/06/2019,Delhi,Cochin,DEL ? HYD ? COK,09:45,22:30,12h 45m,1 stop,No info,9646
Jet Airways,24/06/2019,Mumbai,Hyderabad,BOM ? HYD,08:45,10:15,1h 30m,non-stop,No info,8040
IndiGo,27/05/2019,Delhi,Cochin,DEL ? HYD ? COK,07:35,22:30,14h 55m,1 stop,No info,7514
Air India,9/06/2019,Delhi,Cochin,DEL ? BOM ? COK,20:00,19:15 10 Jun,23h 15m,1 stop,No info,8372
Air India,1/05/2019,Delhi,Cochin,DEL ? HYD ? MAA ? COK,17:15,09:25 02 May,16h 10m,2 stops,No info,8839
Vistara,24/05/2019,Kolkata,Banglore,CCU ? DEL ? BLR,17:00,23:25,6h 25m,1 stop,No info,9870
Multiple carriers,15/05/2019,Delhi,Cochin,DEL ? BOM ? COK,19:00,01:30 16 May,6h 30m,1 stop,No info,7670
Jet Airways,9/05/2019,Kolkata,Banglore,CCU ? DEL ? BLR,20:25,10:55 10 May,14h 30m,1 stop,In-flight meal not included,8066
Air India,24/06/2019,Delhi,Cochin,DEL ? BLR ? COK,13:30,23:00,9h 30m,1 stop,No info,8907
Jet Airways,15/06/2019,Banglore,Delhi,BLR ? DEL,15:15,18:10,2h 55m,non-stop,No info,8016
Jet Airways,12/06/2019,Banglore,Delhi,BLR ? DEL,06:00,08:45,2h 45m,non-stop,No info,8016
Multiple carriers,18/05/2019,Delhi,Cochin,DEL ? BOM ? COK,09:15,19:15,10h,1 stop,No info,8309
Jet Airways,12/06/2019,Kolkata,Banglore,CCU ? BOM ? BLR,14:05,16:20 13 Jun,26h 15m,1 stop,In-flight meal not included,8529
Multiple carriers,15/05/2019,Delhi,Cochin,DEL ? BOM ? COK,06:00,19:15,13h 15m,1 stop,No info,8266
Jet Airways,12/06/2019,Kolkata,Banglore,CCU ? BOM ? BLR,16:30,23:35,7h 5m,1 stop,In-flight meal not included,9899
Multiple carriers,21/05/2019,Delhi,Cochin,DEL ? BOM ? COK,10:35,19:00,8h 25m,1 stop,No info,9103
Air India,12/06/2019,Kolkata,Banglore,CCU ? BOM ? BLR,09:25,18:30,9h 5m,1 stop,No info,8366
Jet Airways,12/05/2019,Kolkata,Banglore,CCU ? BOM ? BLR,21:10,08:15 13 May,11h 5m,1 stop,In-flight meal not included,8586
GoAir,9/05/2019,Kolkata,Banglore,CCU ? AMD ? BLR,16:40,00:15 10 May,7h 35m,1 stop,No info,8777
GoAir,24/06/2019,Delhi,Cochin,DEL ? BOM ? COK,14:25,19:35,5h 10m,1 stop,No info,7870
Air India,12/06/2019,Kolkata,Banglore,CCU ? BBI ? BOM ? BLR,12:00,11:10 13 Jun,23h 10m,2 stops,No info,9416
Multiple carriers,24/06/2019,Delhi,Cochin,DEL ? HYD ? COK,09:45,22:30,12h 45m,1 stop,No info,9646
Air India,3/06/2019,Delhi,Cochin,DEL ? BOM ? COK,07:00,19:15,12h 15m,1 stop,No info,8879
Air India,18/05/2019,Kolkata,Banglore,CCU ? BOM ? BLR,09:25,18:30,9h 5m,1 stop,No info,8576
Vistara,9/06/2019,Kolkata,Banglore,CCU ? DEL ? BLR,20:20,20:20 10 Jun,24h,1 stop,No info,8085
IndiGo,18/05/2019,Delhi,Cochin,DEL ? BOM ? COK,10:35,21:00,10h 25m,1 stop,No info,7503
Jet Airways,6/05/2019,Kolkata,Banglore,CCU ? BOM ? BLR,06:30,10:05 07 May,27h 35m,1 stop,In-flight meal not included,8586
Multiple carriers,21/05/2019,Delhi,Cochin,DEL ? BOM ? COK,10:20,19:15,8h 55m,1 stop,No info,8266
Jet Airways,21/05/2019,Kolkata,Banglore,CCU ? BOM ? BLR,16:30,04:40 22 May,12h 10m,1 stop,In-flight meal not included,9663
Jet Airways,12/06/2019,Kolkata,Banglore,CCU ? BOM ? BLR,16:30,22:35,6h 5m,1 stop,In-flight meal not included,9899
Multiple carriers,6/06/2019,Delhi,Cochin,DEL ? BOM ? COK,07:30,21:00,13h 30m,1 stop,No info,7740
Jet Airways,12/06/2019,Kolkata,Banglore,CCU ? BOM ? BLR,06:30,19:50,13h 20m,1 stop,In-flight meal not included,9899
Vistara,6/05/2019,Kolkata,Banglore,CCU ? DEL ? BLR,07:10,09:05 07 May,25h 55m,1 stop,No info,8137
SpiceJet,12/05/2019,Kolkata,Banglore,CCU ? KNU ? BLR,11:35,18:50,7h 15m,1 stop,No info,8479
Multiple carriers,15/06/2019,Delhi,Cochin,DEL ? HYD ? COK,09:45,22:30,12h 45m,1 stop,No info,9646
Multiple carriers,15/05/2019,Delhi,Cochin,DEL ? BOM ? COK,15:15,01:30 16 May,10h 15m,1 stop,No info,7670
Air India,9/06/2019,Delhi,Cochin,DEL ? MAA ? COK,06:05,09:25 10 Jun,27h 20m,1 stop,No info,7690
Multiple carriers,18/05/2019,Delhi,Cochin,DEL ? BOM ? COK,06:40,19:15,12h 35m,1 stop,No info,7564
Air India,27/06/2019,Delhi,Cochin,DEL ? BOM ? COK,07:00,19:15,12h 15m,1 stop,No info,8669
Air India,18/05/2019,Delhi,Cochin,DEL ? BOM ? COK,09:00,07:40 19 May,22h 40m,1 stop,No info,8372
Jet Airways,6/05/2019,Kolkata,Banglore,CCU ? BOM ? BLR,20:00,04:40 07 May,8h 40m,1 stop,In-flight meal not included,9663
Air India,27/05/2019,Delhi,Cochin,DEL ? BOM ? COK,19:00,19:15 28 May,24h 15m,1 stop,No info,8372
Multiple carriers,3/06/2019,Delhi,Cochin,DEL ? HYD ? COK,07:10,16:10,9h,1 stop,No info,7878
Multiple carriers,18/05/2019,Delhi,Cochin,DEL ? BOM ? COK,06:00,12:35,6h 35m,1 stop,No info,9794
Jet Airways,12/05/2019,Kolkata,Banglore,CCU ? BOM ? BLR,20:00,09:20 13 May,13h 20m,1 stop,In-flight meal not included,9663
Air India,6/06/2019,Kolkata,Banglore,CCU ? BBI ? BOM ? BLR,12:00,11:10 07 Jun,23h 10m,2 stops,No info,9416
Vistara,21/05/2019,Kolkata,Banglore,CCU ? DEL ? BLR,17:00,10:45 22 May,17h 45m,1 stop,No info,9187
Vistara,9/05/2019,Kolkata,Banglore,CCU ? DEL ? BLR,07:10,09:05 10 May,25h 55m,1 stop,No info,9187
Air India,15/06/2019,Delhi,Cochin,DEL ? BLR ? COK,13:30,23:00,9h 30m,1 stop,No info,8907
Vistara,18/05/2019,Kolkata,Banglore,CCU ? DEL ? BLR,07:10,23:25,16h 15m,1 stop,No info,9345
Multiple carriers,18/05/2019,Delhi,Cochin,DEL ? BOM ? COK,12:50,21:00,8h 10m,1 stop,No info,7670
Air India,9/06/2019,Delhi,Cochin,DEL ? MAA ? COK,09:45,09:25 10 Jun,23h 40m,1 stop,No info,7690
SpiceJet,18/05/2019,Kolkata,Banglore,CCU ? IXB ? BLR,15:55,21:25,5h 30m,1 stop,No info,8224
Air India,9/06/2019,Kolkata,Banglore,CCU ? BOM ? BLR,09:25,07:55 10 Jun,22h 30m,1 stop,No info,8366
Multiple carriers,21/05/2019,Delhi,Cochin,DEL ? BOM ? COK,11:25,19:15,7h 50m,1 stop,No info,7575
Multiple carriers,24/06/2019,Delhi,Cochin,DEL ? BOM ? COK,07:30,21:00,13h 30m,1 stop,No info,7740
Air India,21/05/2019,Delhi,Cochin,DEL ? BLR ? COK,17:40,08:15 22 May,14h 35m,1 stop,No info,8151
Multiple carriers,27/05/2019,Delhi,Cochin,DEL ? BOM ? COK,06:40,19:00,12h 20m,1 stop,No info,9315
IndiGo,9/05/2019,Delhi,Cochin,DEL ? BOM ? COK,15:00,01:30 10 May,10h 30m,1 stop,No info,8330
Vistara,21/05/2019,Kolkata,Banglore,CCU ? DEL ? BLR,20:20,23:25 22 May,27h 5m,1 stop,No info,9345
Multiple carriers,9/05/2019,Delhi,Cochin,DEL ? BOM ? COK,10:35,19:00,8h 25m,1 stop,No info,9103
Air Asia,18/05/2019,Delhi,Cochin,DEL ? BLR ? COK,07:55,13:25,5h 30m,1 stop,No info,8759
Multiple carriers,15/06/2019,Delhi,Cochin,DEL ? BOM ? COK,09:15,19:15,10h,1 stop,No info,9359
Air India,18/05/2019,Kolkata,Banglore,CCU ? BBI ? BLR,12:00,13:15 19 May,25h 15m,1 stop,No info,7662
Multiple carriers,24/05/2019,Delhi,Cochin,DEL ? BOM ? COK,19:00,01:30 25 May,6h 30m,1 stop,No info,8283
SpiceJet,6/06/2019,Kolkata,Banglore,CCU ? IXB ? BLR,15:55,21:25,5h 30m,1 stop,No info,8224
Air India,3/06/2019,Delhi,Cochin,DEL ? BLR ? COK,09:45,23:00,13h 15m,1 stop,No info,8907
Air India,9/05/2019,Delhi,Cochin,DEL ? JAI ? BOM ? COK,12:00,07:40 10 May,19h 40m,2 stops,No info,9968
Jet Airways,6/05/2019,Mumbai,Hyderabad,BOM ? HYD,10:20,11:50,1h 30m,non-stop,No info,8040
Multiple carriers,3/06/2019,Delhi,Cochin,DEL ? HYD ? COK,07:10,22:30,15h 20m,1 stop,No info,7878
Multiple carriers,21/05/2019,Delhi,Cochin,DEL ? BOM ? COK,13:00,21:00,8h,1 stop,No info,7888
Multiple carriers,3/06/2019,Delhi,Cochin,DEL ? BOM ? COK,08:45,19:15,10h 30m,1 stop,No info,9001
Air India,9/06/2019,Delhi,Cochin,DEL ? AMD ? BOM ? COK,05:00,19:15 10 Jun,38h 15m,2 stops,No info,9968
Multiple carriers,24/05/2019,Delhi,Cochin,DEL ? HYD ? COK,14:55,22:30,7h 35m,1 stop,No info,7740
Jet Airways,1/05/2019,Mumbai,Hyderabad,BOM ? HYD,07:05,08:30,1h 25m,non-stop,No info,8040
Jet Airways,18/05/2019,Kolkata,Banglore,CCU ? BOM ? BLR,21:10,04:40 19 May,7h 30m,1 stop,In-flight meal not included,8586
Vistara,1/05/2019,Kolkata,Banglore,CCU ? DEL ? BLR,17:00,20:20 02 May,27h 20m,1 stop,No info,8610
Air India,24/06/2019,Delhi,Cochin,DEL ? AMD ? BOM ? COK,19:45,19:15 25 Jun,23h 30m,2 stops,No info,9443
Air India,9/05/2019,Kolkata,Banglore,CCU ? BBI ? BOM ? BLR,12:00,18:30 10 May,30h 30m,2 stops,No info,9626
Multiple carriers,6/06/2019,Delhi,Cochin,DEL ? BOM ? COK,08:30,19:15,10h 45m,1 stop,No info,7677
IndiGo,18/05/2019,Delhi,Cochin,DEL ? BLR ? COK,05:10,10:05,4h 55m,1 stop,No info,7580
Air India,1/05/2019,Kolkata,Banglore,CCU ? BOM ? HBX ? BLR,09:25,18:20,8h 55m,2 stops,No info,8366
Air India,18/05/2019,Kolkata,Banglore,CCU ? BOM ? BLR,09:25,07:55 19 May,22h 30m,1 stop,No info,8366
Air India,12/06/2019,Delhi,Cochin,DEL ? BLR ? COK,13:30,08:15 13 Jun,18h 45m,1 stop,No info,8991
Air India,24/06/2019,Delhi,Cochin,DEL ? JAI ? BOM ? COK,12:00,19:15,7h 15m,2 stops,No info,9548
Vistara,12/06/2019,Kolkata,Banglore,CCU ? DEL ? BLR,17:00,20:20 13 Jun,27h 20m,1 stop,No info,8085
Multiple carriers,9/05/2019,Delhi,Cochin,DEL ? BOM ? COK,07:30,21:00,13h 30m,1 stop,No info,7670
Multiple carriers,15/05/2019,Delhi,Cochin,DEL ? BOM ? COK,18:00,01:30 16 May,7h 30m,1 stop,No info,8073
Multiple carriers,21/05/2019,Delhi,Cochin,DEL ? BOM ? COK,04:55,12:35,7h 40m,1 stop,No info,9103
Jet Airways,6/06/2019,Delhi,Cochin,DEL ? COK,11:00,14:15,3h 15m,non-stop,No info,9564
Jet Airways,15/05/2019,Kolkata,Banglore,CCU ? GAU ? BLR,10:20,17:35,7h 15m,1 stop,No info,8355
Vistara,12/06/2019,Kolkata,Banglore,CCU ? DEL ? BLR,07:10,09:05 13 Jun,25h 55m,1 stop,No info,7927
Multiple carriers,9/05/2019,Delhi,Cochin,DEL ? BOM ? COK,11:25,19:15,7h 50m,1 stop,No info,7575
Air India,12/06/2019,Kolkata,Banglore,CCU ? BBI ? BOM ? BLR,12:00,21:50,9h 50m,2 stops,No info,9416
Air India,18/05/2019,Delhi,Cochin,DEL ? AMD ? BOM ? COK,16:40,19:15 19 May,26h 35m,2 stops,No info,9863
Air India,12/06/2019,Kolkata,Banglore,CCU ? BBI ? BLR,09:10,13:15,4h 5m,1 stop,No info,8996
Air India,21/05/2019,Delhi,Cochin,DEL ? BOM ? COK,10:00,19:15,9h 15m,1 stop,No info,8372
Multiple carriers,1/06/2019,Delhi,Cochin,DEL ? BOM ? COK,09:00,21:00,12h,1 stop,No info,7933
Jet Airways,1/05/2019,Kolkata,Banglore,CCU ? BOM ? BLR,16:30,12:00 02 May,19h 30m,1 stop,In-flight meal not included,9663
Multiple carriers,27/06/2019,Delhi,Cochin,DEL ? HYD ? COK,09:45,16:10,6h 25m,1 stop,No info,9646
Jet Airways,27/05/2019,Delhi,Cochin,DEL ? COK,11:00,14:15,3h 15m,non-stop,In-flight meal not included,7989
Jet Airways,9/06/2019,Delhi,Cochin,DEL ? COK,11:00,14:15,3h 15m,non-stop,No info,9564
Multiple carriers,15/05/2019,Delhi,Cochin,DEL ? BOM ? COK,07:30,19:00,11h 30m,1 stop,No info,9315
Multiple carriers,27/05/2019,Delhi,Cochin,DEL ? BOM ? COK,07:30,19:15,11h 45m,1 stop,No info,8837
Air India,1/06/2019,Delhi,Cochin,DEL ? BOM ? COK,19:00,19:15 02 Jun,24h 15m,1 stop,No info,8792
Multiple carriers,15/05/2019,Delhi,Cochin,DEL ? BOM ? COK,09:00,21:00,12h,1 stop,No info,8073
Air India,24/06/2019,Delhi,Cochin,DEL ? BOM ? COK,21:00,07:40 25 Jun,10h 40m,1 stop,No info,8372
Air India,15/05/2019,Kolkata,Banglore,CCU ? BOM ? BLR,16:50,07:55 16 May,15h 5m,1 stop,No info,8891
